DEPARTAMENTO;CODIGO DEPARTAMENTO;MUNICIPIO;CODIGO MUNICIPIO;COORDENADA X;COORDENADA Y;TIPO;INFRAESTRUCTURA
ANTIOQUIA;5;ABEJORRAL;5002;-75,43847414;5,804174069;;
NORTE DE SANTANDER;54;ÁBREGO;54003;-73,15863275;8,019889158;;
ANTIOQUIA;5;ABRIAQUÍ;5004;-76,08573479;6,626306703;;
META;50;ACACÍAS;50006;-73,57154973;3,94354645;;Castilla - San Fernando
META;50;ACACÍAS;50006;-73,57154973;3,94354645;Naftaducto;Chichimene - Apiay
META;50;ACACÍAS;50006;-73,57154973;3,94354645;Oleoducto;Castilla - Apiay
META;50;ACACÍAS;50006;-73,57154973;3,94354645;Estación;CHICHEMENE
CHOCÓ;27;ACANDÍ;27006;-77,26560256;8,384137815;;
HUILA;41;ACEVEDO;41006;-75,9966539;1,709089438;;
BOLÍVAR;13;ACHÍ;13006;-74,47785938;8,623073881;;
HUILA;41;AGRADO;41013;-75,71618723;2,269033362;;
CUNDINAMARCA;25;AGUA DE DIOS;25001;-74,67078936;4,372601518;;
CESAR;20;AGUACHICA;20011;-73,62265463;8,248863774;Oleoducto;Ayacucho - Galán
CESAR;20;AGUACHICA;20011;-73,62265463;8,248863774;Oleoducto;Galán - Ayacucho
CESAR;20;AGUACHICA;20011;-73,62265463;8,248863774;Poliducto;Pozos Colorados - Ayacucho - Galán
SANTANDER;68;AGUADA;68013;-73,53027776;6,181839999;;
CALDAS;17;AGUADAS;17013;-75,45520671;5,61722784;;
CASANARE;85;AGUAZUL;85010;-72,54792221;5,12605415;Oleoducto;Araguaney - El Porvenir
CASANARE;85;AGUAZUL;85010;-72,54792221;5,12605415;Oleoducto;OCENSA (Oleoducto Central)
CESAR;20;AGUSTÍN CODAZZI;20013;-73,223488;9,94900891;;
HUILA;41;AIPE;41016;-75,27569512;3,243966295;Oleoducto;Tello - Dina - Tenay
HUILA;41;AIPE;41016;-75,27569512;3,243966295;Oleoducto;Yaguará - Tenay
HUILA;41;AIPE;41016;-75,27569512;3,243966295;Oleoducto;OAM (Oleoducto Alto Magdalena)
HUILA;41;AIPE;41016;-75,27569512;3,243966295;Poliducto;Salgar - Neiva
HUILA;41;AIPE;41016;-75,27569512;3,243966295;Estación;TENAY
HUILA;41;AIPE;41016;-75,27569512;3,243966295;Estación;DINA
CUNDINAMARCA;25;ALBÁN;25019;-74,4428272;4,891364174;Poliducto;Salgar - Mansilla
CUNDINAMARCA;25;ALBÁN;25019;-74,4428272;4,891364174;Propanoducto;Salgar - Vista Hermosa
CUNDINAMARCA;25;ALBÁN;25019;-74,4428272;4,891364174;Estación;ALBÁN
NARIÑO;52;ALBÁN;52019;-77,06857182;1,469967482;;
NARIÑO;52;SAN JOSÉ;52019;-77,06857182;1,469967482;;
SANTANDER;68;ALBANIA;68020;-73,79213372;5,788339413;Oleoducto;OCENSA (Oleoducto Central)
CAQUETÁ;18;ALBANIA;18029;-75,88193568;1,228145432;;
LA GUAJIRA;44;ALBANIA;44035;-72,53213;11,22900655;;
VALLE DEL CAUCA;76;ALCALÁ;76020;-75,78241378;4,678348685;;
NARIÑO;52;ALDANA;52022;-77,69537942;0,913444893;Oleoducto;OTA (Trasandino)
ANTIOQUIA;5;ALEJANDRÍA;5021;-75,09017715;6,364922466;;
MAGDALENA;47;ALGARROBO;47030;-74,10305427;10,25342048;Poliducto;Pozos Colorados - Ayacucho - Galán
HUILA;41;ALGECIRAS;41020;-75,29123801;2,497821122;;
CAUCA;19;ALMAGUER;19022;-76,83470687;1,912445195;;
BOYACÁ;15;ALMEIDA;15022;-73,38804129;4,954948443;;
TOLIMA;73;ALPUJARRA;73024;-74,94090704;3,38990458;;
HUILA;41;ALTAMIRA;41026;-75,76860665;2,079512857;;
CHOCÓ;27;ALTO BAUDÓ;27025;-77,08466258;5,638085538;;
CHOCÓ;27;PIE DE PATO;27025;-77,08466258;5,638085538;;
BOLÍVAR;13;ALTOS DEL ROSARIO;13030;-74,19550895;8,757262732;;
TOLIMA;73;ALVARADO;73026;-74,98736106;4,581673067;Oleoducto;OAM (Oleoducto Alto Magdalena)
TOLIMA;73;ALVARADO;73026;-74,98736106;4,581673067;Poliducto;Salgar - Neiva
ANTIOQUIA;5;AMAGÁ;5030;-75,70790216;6,032773316;;
ANTIOQUIA;5;AMALFI;5031;-74,98138753;6,978513784;;
TOLIMA;73;AMBALEMA;73030;-74,80978366;4,804183386;;
CUNDINAMARCA;25;ANAPOIMA;25035;-74,52535182;4,559934233;;
NARIÑO;52;ANCUYA;52036;-77,53103007;1,245210468;;
VALLE DEL CAUCA;76;ANDALUCÍA;76036;-76,15929485;4,151988963;Poliducto;Cartago - Yumbo
VALLE DEL CAUCA;76;ANDALUCÍA;76036;-76,15929485;4,151988963;Poliducto;ODECA (Oleoducto de Caldas)
ANTIOQUIA;5;ANDES;5034;-75,93848913;5,605060112;;
ANTIOQUIA;5;ANGELÓPOLIS;5036;-75,71599698;6,120932701;;
ANTIOQUIA;5;ANGOSTURA;5038;-75,35762276;6,866523711;;
CHOCÓ;27;ANIMAS;27810;-76,62051818;5,282084239;;
CUNDINAMARCA;25;ANOLAIMA;25040;-74,46174601;4,789079698;;
ANTIOQUIA;5;ANORÍ;5040;-75,10864101;7,193479882;;
CALDAS;17;ANSERMA;17042;-75,75316921;5,200515049;;
VALLE DEL CAUCA;76;ANSERMANUEVO;76041;-76,02990184;4,796171646;;
ANTIOQUIA;5;ANZÁ;5044;-75,91684512;6,294222543;;
TOLIMA;73;ANZOÁTEGUI;73043;-75,20188787;4,623409059;;
ANTIOQUIA;5;APARTADÓ;5045;-76,58246102;7,860497961;;
RISARALDA;66;APÍA;66045;-75,95338874;5,139707234;;
CUNDINAMARCA;25;APULO;25599;-74,59093572;4,537899063;;
BOYACÁ;15;AQUITANIA;15047;-72,88380052;5,435184398;;
MAGDALENA;47;ARACATACA;47053;-73,87934539;10,64497912;Poliducto;Pozos Colorados - Ayacucho - Galán
CALDAS;17;ARANZAZU;17050;-75,47410406;5,265645457;;
SANTANDER;68;ARATOCA;68051;-73,01111511;6,717047768;;
ARAUCA;81;ARAUCA;81001;-70,50912942;6,796009422;;
ARAUCA;81;ARAUQUITA;81065;-71,2980903;6,797248314;Oleoducto;Caño Limón - Coveñas
ARAUCA;81;ARAUQUITA;81065;-71,2980903;6,797248314;Estación;CAÑO LIMÓN
CUNDINAMARCA;25;ARBELÁEZ;25053;-74,39532925;4,232508801;;
NARIÑO;52;ARBOLEDA;52051;-77,12950678;1,480156918;;
NORTE DE SANTANDER;54;ARBOLEDAS;54051;-72,91712251;7,586645167;;
ANTIOQUIA;5;ARBOLETES;5051;-76,41111481;8,611193803;;
BOYACÁ;15;ARCABUCO;15051;-73,42892752;5,736312767;;
CAUCA;19;ÁREA EN LITIGIO;19355;-76,18811102;2,265930768;;
BOLÍVAR;13;ARENAL;13042;-74,10284794;8,363463728;;
CAUCA;19;ARGELIA;19050;-77,26321355;2,329295875;;
ANTIOQUIA;5;ARGELIA;5055;-75,09438286;5,708216027;;
VALLE DEL CAUCA;76;ARGELIA;76054;-76,14190639;4,704525831;;
MAGDALENA;47;ARIGUANÍ;47058;-74,08429077;9,834039248;;
BOLÍVAR;13;ARJONA;13052;-75,37141474;10,16401264;Línea Fluvial;Línea de Transporte Fluvial Calamar - Pasacaballos
BOLÍVAR;13;ARJONA;13052;-75,37141474;10,16401264;Oleoducto;Coveñas - Cartagena
QUINDÍO;63;ARMENIA;63001;-75,72572185;4,498229425;;
ANTIOQUIA;5;ARMENIA;5059;-75,80985206;6,163670289;;
TOLIMA;73;ARMERO;73055;-74,84731985;5,00685261;Oleoducto;OAM (Oleoducto Alto Magdalena)
TOLIMA;73;ARMERO;73055;-74,84731985;5,00685261;Poliducto;Salgar - Neiva
BOLÍVAR;13;ARROYOHONDO;13062;-75,0270914;10,24148054;;
CESAR;20;ASTREA;20032;-73,9421004;9,51073902;;
TOLIMA;73;ATACO;73067;-75,4821258;3,428079513;;
CHOCÓ;27;ATRATO;27050;-76,60589638;5,559418699;;
CHOCÓ;27;YUTO;27050;-76,60589638;5,559418699;;
CÓRDOBA;23;AYAPEL;23068;-75,04781542;8,260245438;;
CHOCÓ;27;BAGADÓ;27073;-76,19797082;5,503119083;;
CHOCÓ;27;BAHÍA SOLANO;27075;-77,35274229;6,251919643;;
CHOCÓ;27;MUTIS;27075;-77,35274229;6,251919643;;
CHOCÓ;27;BAJO BAUDÓ;27077;-77,23332077;4,729849996;;
CHOCÓ;27;PIZARRO;27077;-77,23332077;4,729849996;;
RISARALDA;66;BALBOA;66075;-75,94299204;4,91814153;;
CAUCA;19;BALBOA;19075;-77,20874645;2,0848836;;
ATLÁNTICO;8;BARANOA;8078;-74,92208867;10,7933069;Poliducto;Cartagena - Baranoa
HUILA;41;BARAYA;41078;-74,95798609;3,135452178;;
NARIÑO;52;BARBACOAS;52079;-78,15644407;1,445487355;Oleoducto;OTA (Trasandino)
ANTIOQUIA;5;BARBOSA;5079;-75,32948073;6,443669837;Poliducto;Sebastopol - Medellín
SANTANDER;68;BARBOSA;68077;-73,62280047;5,955490599;;
SANTANDER;68;BARICHARA;68079;-73,21498577;6,647252178;;
META;50;BARRANCA DE UPÍA;50110;-72,99473046;4,518673045;Oleoducto;Oleoducto el Porvenir
META;50;BARRANCA DE UPÍA;50110;-72,99473046;4,518673045;Poliducto;Poliandino
SANTANDER;68;BARRANCABERMEJA;68081;-73,77862043;7,055368176;Oleoducto;Ayacucho - Galán
SANTANDER;68;BARRANCABERMEJA;68081;-73,77862043;7,055368176;Oleoducto;Galán - Ayacucho
SANTANDER;68;BARRANCABERMEJA;68081;-73,77862043;7,055368176;Oleoducto;Vasconia - CIB
SANTANDER;68;BARRANCABERMEJA;68081;-73,77862043;7,055368176;Poliducto;Galán - Chimita
SANTANDER;68;BARRANCABERMEJA;68081;-73,77862043;7,055368176;Poliducto;Galán - Salgar
SANTANDER;68;BARRANCABERMEJA;68081;-73,77862043;7,055368176;Poliducto;Pozos Colorados - Ayacucho - Galán
SANTANDER;68;BARRANCABERMEJA;68081;-73,77862043;7,055368176;Propanoducto;Galán - Salgar
SANTANDER;68;BARRANCABERMEJA;68081;-73,77862043;7,055368176;Oleoducto;Galán - Ayacucho
SANTANDER;68;BARRANCABERMEJA;68081;-73,77862043;7,055368176;Poliducto;Pozos Colorados - Ayacucho - Galán
SANTANDER;68;BARRANCABERMEJA;68081;-73,77862043;7,055368176;Poliducto;Galán - Salgar
SANTANDER;68;BARRANCABERMEJA;68081;-73,77862043;7,055368176;Poliducto;Pozos Colorados - Ayacucho - Galán
SANTANDER;68;BARRANCABERMEJA;68081;-73,77862043;7,055368176;Estación;GALÁN
SANTANDER;68;BARRANCABERMEJA;68081;-73,77862043;7,055368176;Refinería;Barrancabermeja
LA GUAJIRA;44;BARRANCAS;44078;-72,69631204;10,95106033;;
BOLÍVAR;13;BARRANCO DE LOBA;13074;-74,27892098;8,836538431;;
GUAINÍA;94;BARRANCO MINA;94343;-69,39877038;3,313507916;;
ATLÁNTICO;8;BARRANQUILLA;8001;-74,82742841;10,98229731;;
CESAR;20;BECERRILL;20045;-73,25272604;9,72740249;;
CALDAS;17;BELALCAZAR;17088;-75,81249824;4,994482106;;
BOYACÁ;15;BELÉN;15087;-72,89386135;6,005287385;;
NARIÑO;52;BELÉN;52083;-77,02014642;1,593386502;;
CAQUETÁ;18;BELÉN DE LOS ANDAQUÍES;18094;-75,87798171;1,495058598;;
RISARALDA;66;BELÉN DE UMBRÍA;66088;-75,86819829;5,200690249;;
CHOCÓ;27;BELLAVISTA;27099;-77,09967359;6,474951834;;
ANTIOQUIA;5;BELLO;5088;-75,58966119;6,35884749;Poliducto;Medellín - Cartago
ANTIOQUIA;5;BELLO;5088;-75,58966119;6,35884749;Poliducto;Sebastopol - Medellín
ANTIOQUIA;5;BELMIRA;5086;-75,68510822;6,667234284;;
CUNDINAMARCA;25;BELTRÁN;25086;-74,71504205;4,791378633;;
BOYACÁ;15;BERBEO;15090;-73,12689285;5,230727607;;
NARIÑO;52;BERRUECOS;52051;-77,12950678;1,480156918;;
ANTIOQUIA;5;BETANIA;5091;-75,98619774;5,729133442;;
BOYACÁ;15;BETÉITIVA;15092;-72,84857477;5,921005035;;
SANTANDER;68;BETULIA;68092;-73,37577395;7,032517222;Poliducto;Galán - Chimita
SUCRE;70;BETULIA;70702;-75,21387503;9,291226549;Oleoducto;Ayacucho - Coveñas
SUCRE;70;BETULIA;70702;-75,21387503;9,291226549;Oleoducto;Caño Limón - Coveñas
ANTIOQUIA;5;BETULIA;5093;-75,95596534;6,184175246;;
CUNDINAMARCA;25;BITUIMA;25095;-74,52864615;4,847870243;;
BOYACÁ;15;BOAVITA;15097;-72,62031835;6,336589537;;
NORTE DE SANTANDER;54;BOCHALEMA;54099;-72,65796322;7,633656577;Oleoducto;Caño Limón - Coveñas
CUNDINAMARCA;11;BOGOTÁ;11001;-74,18107344;4,316707856;Jetducto;Puente Aranda - El Dorado
CUNDINAMARCA;11;BOGOTÁ;11001;-74,18107344;4,316707856;Poliducto;Mansilla - Puente Aranda
CUNDINAMARCA;11;BOGOTÁ;11001;-74,18107344;4,316707856;Jetducto;Puente Aranda - El Dorado
CUNDINAMARCA;11;BOGOTÁ;11001;-74,18107344;4,316707856;Poliducto;Mansilla - Puente Aranda
CUNDINAMARCA;11;BOGOTÁ;11001;-74,18107344;4,316707856;Estación;PUENTE ARANDA
CUNDINAMARCA;11;BOGOTÁ;11001;-74,18107344;4,316707856;Estación;EL DORADO
CUNDINAMARCA;25;BOJACÁ;25099;-74,33507186;4,705515003;;
CHOCÓ;27;BOJAYÁ;27099;-77,09967359;6,474951834;;
SANTANDER;68;BOLIVAR;68101;-74,12320766;6,13799749;Oleoducto;Vasconia - CIB
SANTANDER;68;BOLIVAR;68101;-74,12320766;6,13799749;Poliducto;Galán - Salgar
SANTANDER;68;BOLIVAR;68101;-74,12320766;6,13799749;Poliducto;Polioriente
SANTANDER;68;BOLIVAR;68101;-74,12320766;6,13799749;Propanoducto;Galán - Salgar
SANTANDER;68;BOLIVAR;68101;-74,12320766;6,13799749;Estación;SANTA ROSA
VALLE DEL CAUCA;76;BOLÍVAR;76100;-76,35013944;4,393386648;;
CAUCA;19;BOLÍVAR;19100;-76,96337796;1,854095933;;
CESAR;20;BOSCONIA;20060;-73,86600199;9,946276408;Poliducto;Pozos Colorados - Ayacucho - Galán
BOYACÁ;15;BOYACÁ;15104;-73,38162199;5,440008229;Oleoducto;OCENSA (Oleoducto Central)
BOYACÁ;15;BOYACÁ;15104;-73,38162199;5,440008229;Poliducto;Poliandino
BOYACÁ;15;BRICEÑO;15106;-73,92667408;5,67296452;;
ANTIOQUIA;5;BRICEÑO;5107;-75,56326059;7,111156642;;
SANTANDER;68;BUCARAMANGA;68001;-73,11139122;7,155593094;Estación;CHIMITÁ
NORTE DE SANTANDER;54;BUCARASICA;54109;-72,92936318;8,080210764;;
VALLE DEL CAUCA;76;BUENAVENTURA;76109;-77,11833956;3,493417608;Línea de Muelle;Sociedad Portuaria Buenaventura
VALLE DEL CAUCA;76;BUENAVENTURA;76109;-77,11833956;3,493417608;Poliducto;Buenaventura - Yumbo
VALLE DEL CAUCA;76;BUENAVENTURA;76109;-77,11833956;3,493417608;Estación;TERMINAL BUENAVENTURA
CÓRDOBA;23;BUENAVISTA;23079;-75,43337993;8,192193901;Oleoducto;OCENSA (Oleoducto Central)
CÓRDOBA;23;BUENAVISTA;23079;-75,43337993;8,192193901;Oleoducto;ODC (Oleoducto de Colombia)
SUCRE;70;BUENAVISTA;70110;-74,97888683;9,317312764;Oleoducto;Caño Limón - Coveñas
QUINDÍO;63;BUENAVISTA;63111;-75,7449934;4,366974901;;
BOYACÁ;15;BUENAVISTA;15109;-73,95082183;5,489826151;;
CAUCA;19;BUENOS AIRES;19110;-76,62431328;2,992368634;;
NARIÑO;52;BUESACO;52110;-77,11637338;1,315123677;;
VALLE DEL CAUCA;76;BUGA;76111;-75,9838931;3,820151555;Poliducto;Cartago - Yumbo
VALLE DEL CAUCA;76;BUGA;76111;-75,9838931;3,820151555;Poliducto;ODECA (Oleoducto de Caldas)
VALLE DEL CAUCA;76;BUGALAGRANDE;76113;-76,08981896;4,197085235;Poliducto;Cartago - Yumbo
VALLE DEL CAUCA;76;BUGALAGRANDE;76113;-76,08981896;4,197085235;Poliducto;ODECA (Oleoducto de Caldas)
ANTIOQUIA;5;BURITICÁ;5113;-75,91162786;6,80788803;;
BOYACÁ;15;BUSBANZÁ;15114;-72,87590634;5,843476778;;
SANTANDER;68;CABRERA;68121;-73,25049536;6,56289134;;
CUNDINAMARCA;25;CABRERA;25120;-74,44578702;3,91840675;;
META;50;CABUYARO;50124;-72,95302875;4,315416942;;
GUAINÍA;94;CACAHUAL;94886;-67,58509323;3,386188327;;
ANTIOQUIA;5;CÁCERES;5120;-75,22662201;7,673208183;;
CUNDINAMARCA;25;CACHIPAY;25123;-74,4597988;4,722658892;;
NORTE DE SANTANDER;54;CÁCHIRA;54128;-73,12912148;7,684439939;;
NORTE DE SANTANDER;54;CÁCOTA;54125;-72,65210534;7,270530943;;
ANTIOQUIA;5;CAICEDO;5125;-75,99548027;6,423828287;;
VALLE DEL CAUCA;76;CAICEDONIA;76122;-75,83684563;4,308671308;;
SUCRE;70;CAIMITO;70124;-75,13109691;8,783918225;;
TOLIMA;73;CAJAMARCA;73124;-75,49776534;4,40657209;;
CAUCA;19;CAJIBÍO;19130;-76,70152672;2,643277039;;
CUNDINAMARCA;25;CAJICÁ;25126;-74,02951391;4,929973871;;
BOLÍVAR;13;CALAMAR;13140;-75,00091609;10,15481541;Línea Fluvial;Línea de Transporte Fluvial Calamar - Pasacaballos
GUAVIARE;95;CALAMAR;95015;-73,03413887;1,613663379;;
QUINDÍO;63;CALARCÁ;63130;-75,65715907;4,468328685;;
ANTIOQUIA;5;CALDAS;5129;-75,62692898;6,055523075;Poliducto;Medellín - Cartago
BOYACÁ;15;CALDAS;15131;-73,88055584;5,575933053;;
CAUCA;19;CALDONO;19137;-76,42850487;2,803490223;;
VALLE DEL CAUCA;76;CALI;76001;-76,57609903;3,399605458;;
SANTANDER;68;CALIFORNIA;68132;-72,95172173;7,331655435;;
VALLE DEL CAUCA;76;CALIMA;76126;-76,64436164;3,922676408;;
CAUCA;19;CALOTO;19142;-76,3214658;3,062900917;;
ANTIOQUIA;5;CAMPAMENTO;5134;-75,28902227;7,038070027;;
GUAINÍA;94;CAMPO ALEGRE;94887;-68,17942117;1,975633229;;
ATLÁNTICO;8;CAMPO DE LA CRUZ;8137;-74,88406535;10,38390262;;
HUILA;41;CAMPOALEGRE;41132;-75,32924914;2,65839639;;
BOYACÁ;15;CAMPOHERMOSO;15135;-73,1440661;5,007645805;Oleoducto;OCENSA (Oleoducto Central)
BOYACÁ;15;CAMPOHERMOSO;15135;-73,1440661;5,007645805;Poliducto;Poliandino
CÓRDOBA;23;CANALETE;23090;-76,23787974;8,724199442;;
VALLE DEL CAUCA;76;CANDELARIA;76130;-76,38346522;3,38236849;;
ATLÁNTICO;8;CANDELARIA;8141;-74,87780679;10,48873054;;
BOLÍVAR;13;CANTAGALLO;13160;-74,10005627;7,239387846;;
ANTIOQUIA;5;CAÑASGORDAS;5138;-76,02641679;6,8152506;;
CUNDINAMARCA;25;CAPARRAPÍ;25148;-74,52121289;5,381362575;Poliducto;Salgar - Mansilla
CUNDINAMARCA;25;CAPARRAPÍ;25148;-74,52121289;5,381362575;Propanoducto;Salgar - Vista Hermosa
CUNDINAMARCA;25;CAPARRAPÍ;25148;-74,52121289;5,381362575;Poliducto;Salgar - Mansilla
CUNDINAMARCA;25;CAPARRAPÍ;25148;-74,52121289;5,381362575;Propanoducto;Salgar - Vista Hermosa
SANTANDER;68;CAPITANEJO;68147;-72,67416921;6,520161623;;
CUNDINAMARCA;25;CÁQUEZA;25151;-73,94461148;4,402154948;;
ANTIOQUIA;5;CARACOLÍ;5142;-74,7332147;6,337967725;;
ANTIOQUIA;5;CARAMANTA;5145;-75,63044186;5,555703108;Poliducto;Medellín - Cartago
SANTANDER;68;CARCASÍ;68152;-72,56975847;6,659501714;;
ANTIOQUIA;5;CAREPA;5147;-76,64378739;7,758051448;;
NARIÑO;52;CARLOSAMA;52224;-77,73588063;0,875422388;;
TOLIMA;73;CARMEN DE APICALÁ;73148;-74,74700882;4,123370112;;
CUNDINAMARCA;25;CARMEN DE CARUPA;25154;-73,92614486;5,338649466;;
ANTIOQUIA;5;CARMEN DE VIBORAL;5148;-75,25515538;5,972899651;;
CHOCÓ;27;CARMEN DEL DARIÉN;27150;-76,97473685;7,033487879;;
CHOCÓ;27;CURBARADÓ;27150;-76,97473685;7,033487879;;
ANTIOQUIA;5;CAROLINA;5150;-75,31595365;6,75826608;;
BOLÍVAR;13;CARTAGENA;13001;-75,45882779;10,46347658;Línea Fluvial;Línea de Transporte Fluvial Calamar - Pasacaballos
BOLÍVAR;13;CARTAGENA;13001;-75,45882779;10,46347658;Línea Submarina;Línea Submarina Cartagena
BOLÍVAR;13;CARTAGENA;13001;-75,45882779;10,46347658;Oleoducto;Coveñas - Cartagena
BOLÍVAR;13;CARTAGENA;13001;-75,45882779;10,46347658;Poliducto;Cartagena - Baranoa
BOLÍVAR;13;CARTAGENA;13001;-75,45882779;10,46347658;Refinería;Cartagena
BOLÍVAR;13;CARTAGENA;13001;-75,45882779;10,46347658;Estación;TERMINAL DE CARTAGENA
CAQUETÁ;18;CARTAGENA DEL CHAIRÁ;18150;-74,27094206;0,646419427;;
VALLE DEL CAUCA;76;CARTAGO;76147;-75,91799252;4,706552247;Poliducto;Cartago - Yumbo
VALLE DEL CAUCA;76;CARTAGO;76147;-75,91799252;4,706552247;Poliducto;Medellín - Cartago
VALLE DEL CAUCA;76;CARTAGO;76147;-75,91799252;4,706552247;Poliducto;ODECA (Oleoducto de Caldas)
VALLE DEL CAUCA;76;CARTAGO;76147;-75,91799252;4,706552247;Poliducto;Cartago - Yumbo
VALLE DEL CAUCA;76;CARTAGO;76147;-75,91799252;4,706552247;Poliducto;ODECA (Oleoducto de Caldas)
VALLE DEL CAUCA;76;CARTAGO;76147;-75,91799252;4,706552247;Estación;CARTAGO
VAUPÉS;97;CARURÚ;97161;-71,33093042;1,052763084;;
TOLIMA;73;CASABIANCA;73152;-75,18837017;5,017288991;;
META;50;CASTILLA LA NUEVA;50150;-73,53775722;3,805123636;;Castilla - San Fernando
META;50;CASTILLA LA NUEVA;50150;-73,53775722;3,805123636;Oleoducto;Castilla - Apiay
META;50;CASTILLA LA NUEVA;50150;-73,53775722;3,805123636;Estación;CASTILLA
ANTIOQUIA;5;CAUCASIA;5154;-75,02563411;7,861560632;Oleoducto;OCENSA (Oleoducto Central)
ANTIOQUIA;5;CAUCASIA;5154;-75,02563411;7,861560632;Oleoducto;ODC (Oleoducto de Colombia)
SANTANDER;68;CEPITÁ;68160;-72,9285156;6,752047068;;
CÓRDOBA;23;CERETÉ;23162;-75,87842391;8,89566705;;
BOYACÁ;15;CERINZA;15162;-72,96438794;5,962024101;;
SANTANDER;68;CERRITO;68162;-72,64530267;6,903814317;;
MAGDALENA;47;CERRO DE SAN ANTONIO;47161;-74,80536461;10,31093621;;
CHOCÓ;27;CÉRTEGUI;27160;-76,52201542;5,389534981;;
NARIÑO;52;CHACHAGUÍ;52240;-77,26946404;1,386381226;;
CUNDINAMARCA;25;CHAGUANÍ;25168;-74,63185029;4,9543122;;
SUCRE;70;CHALÁN;70230;-75,31938303;9,568791747;;
CASANARE;85;CHÁMEZA;85015;-72,865248;5,233818714;;
TOLIMA;73;CHAPARRAL;73168;-75,58990303;3,743751617;;
SANTANDER;68;CHARALÁ;68167;-73,06208184;6,349540291;;
SANTANDER;68;CHARTA;68169;-72,97814299;7,282567146;;
CUNDINAMARCA;25;CHÍA;25175;-74,03839113;4,859084549;;
ANTIOQUIA;5;CHIGORODÓ;5172;-76,63975133;7,631919092;;
CÓRDOBA;23;CHIMA;23168;-75,65234743;9,110221174;;
SANTANDER;68;CHIMA;68176;-73,40119429;6,362397093;;
CESAR;20;CHIMICHAGUA;20175;-73,84701292;9,278144395;Oleoducto;Caño Limón - Coveñas
CESAR;20;CHIMICHAGUA;20175;-73,84701292;9,278144395;Poliducto;Pozos Colorados - Ayacucho - Galán
NORTE DE SANTANDER;54;CHINÁCOTA;54172;-72,58391098;7,583757108;Oleoducto;Caño Limón - Coveñas
BOYACÁ;15;CHINAVITA;15172;-73,34045975;5,202700684;;
CALDAS;17;CHINCHINÁ;17174;-75,65985908;4,974607754;Poliducto;Medellín - Cartago
CALDAS;17;CHINCHINÁ;17174;-75,65985908;4,974607754;Poliducto;ODECA (Oleoducto de Caldas)
CÓRDOBA;23;CHINÚ;23182;-75,37656889;9,058869041;Oleoducto;OCENSA (Oleoducto Central)
CÓRDOBA;23;CHINÚ;23182;-75,37656889;9,058869041;Oleoducto;ODC (Oleoducto de Colombia)
CUNDINAMARCA;25;CHIPAQUE;25178;-74,04735583;4,463444828;;
SANTANDER;68;CHIPATÁ;68179;-73,6322728;6,06787212;;
BOYACÁ;15;CHIQUINQUIRÁ;15176;-73,8037979;5,622781315;;
BOYACÁ;15;CHÍQUIZA;15232;-73,44568058;5,642532131;;
CESAR;20;CHIRIGUANÁ;20178;-73,54749032;9,427382446;Poliducto;Pozos Colorados - Ayacucho - Galán
BOYACÁ;15;CHISCAS;15180;-72,41701196;6,687946534;;
BOYACÁ;15;CHITA;15183;-72,44006604;6,08957024;;
NORTE DE SANTANDER;54;CHITAGÁ;54174;-72,5256411;7,051599476;;
BOYACÁ;15;CHITARAQUE;15185;-73,42519742;5,982340674;;
BOYACÁ;15;CHIVATÁ;15187;-73,26060157;5,55690608;;
MAGDALENA;47;CHIVOLO;47170;-74,52620566;10,09931691;;
BOYACÁ;15;CHIVOR;15236;-73,36167246;4,87126262;;
CUNDINAMARCA;25;CHOACHÍ;25181;-73,95312459;4,578657669;;
CUNDINAMARCA;25;CHOCONTÁ;25183;-73,68068613;5,117344839;;
BOLÍVAR;13;CICUCO;13188;-74,68805853;9,235024417;Oleoducto;Ayacucho - Coveñas
MAGDALENA;47;CIÉNAGA;47189;-74,02494414;10,85747921;Poliducto;Pozos Colorados - Ayacucho - Galán
CÓRDOBA;23;CIÉNAGA DE ORO;23189;-75,60780479;8,842648834;Oleoducto;OCENSA (Oleoducto Central)
BOYACÁ;15;CIÉNEGA;15189;-73,27689255;5,386012295;;
SANTANDER;68;CIMITARRA;68190;-74,17047946;6,410225612;Oleoducto;Vasconia - CIB
SANTANDER;68;CIMITARRA;68190;-74,17047946;6,410225612;Poliducto;Galán - Salgar
SANTANDER;68;CIMITARRA;68190;-74,17047946;6,410225612;Poliducto;Polioriente
SANTANDER;68;CIMITARRA;68190;-74,17047946;6,410225612;Poliducto;Sebastopol - Medellín
SANTANDER;68;CIMITARRA;68190;-74,17047946;6,410225612;Propanoducto;Galán - Salgar
SANTANDER;68;CIMITARRA;68190;-74,17047946;6,410225612;Poliducto;Galán - Salgar
SANTANDER;68;CIMITARRA;68190;-74,17047946;6,410225612;Propanoducto;Galán - Salgar
SANTANDER;68;CIMITARRA;68190;-74,17047946;6,410225612;Estación;SEBASTOPOL
QUINDÍO;63;CIRCASIA;63190;-75,66605792;4,604786752;;
ANTIOQUIA;5;CISNEROS;5190;-75,08310072;6,550526656;Poliducto;Sebastopol - Medellín
ANTIOQUIA;5;CISNEROS;5190;-75,08310072;6,550526656;Estación;CISNEROS NUEVA
ANTIOQUIA;5;CISNEROS;5190;-75,08310072;6,550526656;Estación;CISNEROS ANTIGUA
ANTIOQUIA;5;CIUDAD BOLÍVAR;5101;-76,01061466;5,840254873;;
BOLÍVAR;13;CLEMENCIA;13222;-75,3143006;10,55648838;Poliducto;Cartagena - Baranoa
ANTIOQUIA;5;COCORNÁ;5197;-75,16596796;6,019705458;;
TOLIMA;73;COELLO;73200;-74,9152957;4,315474108;Oleoducto;Toldado - Gualanday
TOLIMA;73;COELLO;73200;-74,9152957;4,315474108;Oleoducto;OAM (Oleoducto Alto Magdalena)
TOLIMA;73;COELLO;73200;-74,9152957;4,315474108;Poliducto;Salgar - Neiva
TOLIMA;73;COELLO;73200;-74,9152957;4,315474108;Estación;GUALANDAY
CUNDINAMARCA;25;COGUA;25200;-73,97495019;5,102955469;;
HUILA;41;COLOMBIA;41206;-74,78528058;3,263835244;;
PUTUMAYO;86;COLÓN;86219;-76,97361009;1,207423449;;
NARIÑO;52;COLÓN;52203;-77,04747623;1,636390781;;
NARIÑO;52;GÉNOVA;52203;-77,04747623;1,636390781;;
SUCRE;70;COLOSÓ;70204;-75,35020043;9,509273571;;
BOYACÁ;15;CÓMBITA;15204;-73,32217914;5,667132977;;
SANTANDER;68;CONCEPCIÓN;68207;-72,6188956;6,759864432;;
ANTIOQUIA;5;CONCEPCIÓN;5206;-75,22260704;6,39879046;;
MAGDALENA;47;CONCORDIA;47205;-74,77806649;10,23284198;;
ANTIOQUIA;5;CONCORDIA;5209;-75,90096961;6,054124213;;
CHOCÓ;27;CONDOTO;27205;-76,50693209;5,070585736;;
SANTANDER;68;CONFINES;68209;-73,25029532;6,342587453;;
NARIÑO;52;CONSACÁ;52207;-77,44052989;1,20910687;;
NARIÑO;52;CONTADERO;52210;-77,52783057;0,932705501;Oleoducto;OTA (Trasandino)
SANTANDER;68;CONTRATACIÓN;68211;-73,50151465;6,302872399;;
NORTE DE SANTANDER;54;CONVENCIÓN;54206;-73,18446873;8,95672142;Poliducto;Ayacucho - Tibú - Río Zulia
NORTE DE SANTANDER;54;CONVENCIÓN;54206;-73,18446873;8,95672142;Oleoducto;Caño Limón - Coveñas
ANTIOQUIA;5;COPACABANA;5212;-75,50072814;6,352380439;Poliducto;Sebastopol - Medellín
BOYACÁ;15;COPER;15212;-74,05990742;5,452552133;;
BOLÍVAR;13;CÓRDOBA;13212;-74,89457918;9,540155887;Oleoducto;Caño Limón - Coveñas
NARIÑO;52;CÓRDOBA;52215;-77,36796725;0,782605476;Oleoducto;OTA (Trasandino)
QUINDÍO;63;CÓRDOBA;63212;-75,65043324;4,396379069;;
CAUCA;19;CORINTO;19212;-76,20979584;3,136694;;
SANTANDER;68;COROMORO;68217;-72,98187507;6,234629815;;
SUCRE;70;COROZAL;70215;-75,24114974;9,165681516;Oleoducto;Ayacucho - Coveñas
SUCRE;70;COROZAL;70215;-75,24114974;9,165681516;Oleoducto;Caño Limón - Coveñas
BOYACÁ;15;CORRALES;15215;-72,84501579;5,824648771;;
CUNDINAMARCA;25;COTA;25214;-74,14229508;4,766498618;;
CÓRDOBA;23;COTORRA;23300;-75,75511416;9,071688111;;
BOYACÁ;15;COVARACHÍA;15218;-72,73977671;6,519219799;;
SUCRE;70;COVEÑAS;70221;-75,65562288;9,397416506;Línea Submarina;Línea Submarina Triángulo Coveñas
SUCRE;70;COVEÑAS;70221;-75,65562288;9,397416506;Oleoducto;Ayacucho - Coveñas
SUCRE;70;COVEÑAS;70221;-75,65562288;9,397416506;Oleoducto;Caño Limón - Coveñas
SUCRE;70;COVEÑAS;70221;-75,65562288;9,397416506;Oleoducto;Coveñas - Cartagena
SUCRE;70;COVEÑAS;70221;-75,65562288;9,397416506;Oleoducto;OCENSA (Oleoducto Central)
SUCRE;70;COVEÑAS;70221;-75,65562288;9,397416506;Oleoducto;ODC (Oleoducto de Colombia)
SUCRE;70;COVEÑAS;70221;-75,65562288;9,397416506;Estación;TERMINAL COVEÑAS
TOLIMA;73;COYAIMA;73217;-75,14870807;3,774433906;Oleoducto;OAM (Oleoducto Alto Magdalena)
TOLIMA;73;COYAIMA;73217;-75,14870807;3,774433906;Poliducto;Salgar - Neiva
ARAUCA;81;CRAVO NORTE;81220;-70,07306636;6,397423036;;
NARIÑO;52;CUASPUD;52224;-77,73588063;0,875422388;;
BOYACÁ;15;CUBARÁ;15223;-72,18134409;6,887195223;Oleoducto;Caño Limón - Coveñas
META;50;CUBARRAL;50223;-74,0624774;3,834830753;;
BOYACÁ;15;CUCAITA;15224;-73,44602543;5,527160791;;
CUNDINAMARCA;25;CUCUNUBÁ;25224;-73,77962589;5,230315475;Poliducto;Polioriente
NORTE DE SANTANDER;54;CÚCUTA;54001;-72,48863269;8,112545363;Oleoducto;Caño Limón - Coveñas
NORTE DE SANTANDER;54;CÚCUTA;54001;-72,48863269;8,112545363;Poliducto;Ayacucho - Tibú - Río Zulia
NORTE DE SANTANDER;54;CÚCUTA;54001;-72,48863269;8,112545363;Oleoducto;Caño Limón - Coveñas
NORTE DE SANTANDER;54;CÚCUTA;54001;-72,48863269;8,112545363;Estación;RÍO ZULIA
NORTE DE SANTANDER;54;CUCUTILLA;54223;-72,79690407;7,502446666;;
BOYACÁ;15;CUÍTIVA;15226;-72,93998887;5,587781043;;
META;50;CUMARAL;50226;-73,31454735;4,232671504;Oleoducto;Oleoducto el Porvenir
META;50;CUMARAL;50226;-73,31454735;4,232671504;Poliducto;Poliandino
VICHADA;99;CUMARIBO;99773;-69,52155685;4,262429595;;
NARIÑO;52;CUMBAL;52227;-77,959595;0,944213541;;
NARIÑO;52;CUMBITARA;52233;-77,59269407;1,725601098;;
TOLIMA;73;CUNDAY;73226;-74,68919345;3,982571306;;
CAQUETÁ;18;CURILLO;18205;-75,97466275;1,138280225;;
SANTANDER;68;CURITÍ;68229;-73,05821721;6,608928499;;
CESAR;20;CURUMANÍ;20228;-73,48756847;9,239007689;Poliducto;Pozos Colorados - Ayacucho - Galán
ANTIOQUIA;5;DABEIBA;5234;-76,31511289;6,989665447;;
VALLE DEL CAUCA;76;DAGUA;76233;-76,72059387;3,650170884;Poliducto;Buenaventura - Yumbo
VALLE DEL CAUCA;76;DAGUA;76233;-76,72059387;3,650170884;Estación;DAGUA
CHOCÓ;27;DECORDÓ;27250;-76,96261309;4,246707415;;
LA GUAJIRA;44;DIBULLA;44090;-73,43520826;11,09050173;;
LA GUAJIRA;44;DISTRACCIÓN;44098;-72,94435802;10,9258649;;
TOLIMA;73;DOLORES;73236;-74,80272088;3,597859082;;
ANTIOQUIA;5;DON MATÍAS;5237;-75,42228598;6,493149424;;
RISARALDA;66;DOSQUEBRADAS;66170;-75,67022985;4,841671407;Poliducto;ODECA (Oleoducto de Caldas)
BOYACÁ;15;DUITAMA;15238;-73,06736396;5,890898863;;
NORTE DE SANTANDER;54;DURANIA;54239;-72,67207769;7,747502555;;
ANTIOQUIA;5;EBÉJICO;5240;-75,78314494;6,32665462;;
VALLE DEL CAUCA;76;EL ÁGUILA;76243;-76,06615974;4,917366144;;
ANTIOQUIA;5;EL BAGRE;5250;-74,66399131;7,705138053;;
MAGDALENA;47;EL BANCO;47245;-73,98083383;9,114788205;Oleoducto;Ayacucho - Coveñas
MAGDALENA;47;EL BANCO;47245;-73,98083383;9,114788205;Oleoducto;Caño Limón - Coveñas
VALLE DEL CAUCA;76;EL CAIRO;76246;-76,21465177;4,756610176;;
META;50;EL CALVARIO;50245;-73,71460363;4,353172272;;
CHOCÓ;27;EL CANTÓN DEL SAN PABLO;27135;-76,77261802;5,360115794;;
CHOCÓ;27;MANAGRÚ;27135;-76,77261802;5,360115794;;
NORTE DE SANTANDER;54;EL CARMEN;54245;-73,34546364;8,868107899;Poliducto;Ayacucho - Tibú - Río Zulia
NORTE DE SANTANDER;54;EL CARMEN;54245;-73,34546364;8,868107899;Oleoducto;Caño Limón - Coveñas
SANTANDER;68;EL CARMEN;68235;-73,56524993;6,664506532;;
CHOCÓ;27;EL CARMEN;27245;-76,1919869;5,8109059;;
BOLÍVAR;13;EL CARMEN DE BOLÍVAR;13244;-75,15819493;9,700139106;;
META;50;EL CASTILLO;50251;-73,89380995;3,602036947;;
VALLE DEL CAUCA;76;EL CERRITO;76248;-76,30897264;3,656157953;Poliducto;ODECA (Oleoducto de Caldas)
NARIÑO;52;EL CHARCO;52250;-77,99521615;2,216115952;;
BOYACÁ;15;EL COCUY;15244;-72,41961972;6,353485024;;
CUNDINAMARCA;25;EL COLEGIO;25245;-74,42685435;4,556944875;;
CESAR;20;EL COPEY;20238;-73,91231604;10,20015869;Poliducto;Pozos Colorados - Ayacucho - Galán
VALLE DEL CAUCA;76;EL DARIÉN;76126;-76,64436164;3,922676408;;
MAGDALENA;47;EL DIFICIL;47058;-74,08429077;9,834039248;;
CAQUETÁ;18;EL DONCELLO;18247;-75,2687112;1,713665832;;
META;50;EL DORADO;50270;-73,83171239;3,707663741;;
VALLE DEL CAUCA;76;EL DOVIO;76250;-76,28521654;4,531686507;;
AMAZONAS;91;EL ENCANTO;91263;-72,72367449;-1,997268521;;
BOYACÁ;15;EL ESPINO;15248;-72,48078215;6,508151009;;
SANTANDER;68;EL GUACAMAYO;68245;-73,49738221;6,236092835;;
BOLÍVAR;13;EL GUAMO;13248;-74,92707046;10,03475815;;
CHOCÓ;27;EL LITORAL DEL SAN JUÁN;27250;-76,96261309;4,246707415;;
LA GUAJIRA;44;EL MOLINO;44110;-72,88590354;10,63676875;;
CESAR;20;EL PASO;20250;-73,73716559;9,684582571;Poliducto;Pozos Colorados - Ayacucho - Galán
CAQUETÁ;18;EL PAUJIL;18256;-75,20229356;1,477385517;;
NARIÑO;52;EL PEÑOL;52254;-77,4299956;1,511696763;;
SANTANDER;68;EL PEÑÓN;68250;-74,00022654;6,122904205;Poliducto;Polioriente
CUNDINAMARCA;25;EL PEÑÓN;25258;-74,30852033;5,261271202;;
BOLÍVAR;13;EL PEÑÓN;13268;-73,91224792;8,864812372;;
MAGDALENA;47;EL PIÑÓN;47258;-74,67854436;10,34300617;;
SANTANDER;68;EL PLAYÓN;68255;-73,18170443;7,524580668;;
MAGDALENA;47;EL RETÉN;47268;-74,32562779;10,65947438;;
GUAVIARE;95;EL RETORNO;95025;-72,2437032;2,143363329;;
SUCRE;70;EL ROBLE;70233;-75,08269331;9,063348663;;
CUNDINAMARCA;25;EL ROSAL;25260;-74,23788081;4,879960603;;
NARIÑO;52;EL ROSARIO;52256;-77,4828657;1,887532268;;
NARIÑO;52;EL TABLÓN;52258;-76,98520051;1,409419964;;
CAUCA;19;EL TAMBO;19256;-77,00537238;2,534567981;;
NARIÑO;52;EL TAMBO;52260;-77,38259688;1,430157441;;
NORTE DE SANTANDER;54;EL TARRA;54250;-73,03183193;8,678038616;Poliducto;Ayacucho - Tibú - Río Zulia
NORTE DE SANTANDER;54;EL TARRA;54250;-73,03183193;8,678038616;Oleoducto;Caño Limón - Coveñas
NORTE DE SANTANDER;54;EL TARRA;54250;-73,03183193;8,678038616;Estación;ORÚ
NORTE DE SANTANDER;54;EL ZULIA;54261;-72,63298648;8,081348515;;
HUILA;41;ELÍAS;41244;-75,94421232;2,022513541;;
SANTANDER;68;ENCINO;68264;-73,06229964;6,079380234;;
SANTANDER;68;ENCISO;68266;-72,67984259;6,657953427;;
ANTIOQUIA;5;ENTRERRIOS;5264;-75,55955915;6,594998057;;
ANTIOQUIA;5;ENVIGADO;5266;-75,57007351;6,144896364;;
TOLIMA;73;ESPINAL;73268;-74,89393858;4,166743174;Oleoducto;Toldado - Gualanday
TOLIMA;73;ESPINAL;73268;-74,89393858;4,166743174;Oleoducto;OAM (Oleoducto Alto Magdalena)
TOLIMA;73;ESPINAL;73268;-74,89393858;4,166743174;Poliducto;Salgar - Neiva
CUNDINAMARCA;25;FACATATIVÁ;25269;-74,3376365;4,834069748;Poliducto;Mansilla - Puente Aranda
CUNDINAMARCA;25;FACATATIVÁ;25269;-74,3376365;4,834069748;Poliducto;Salgar - Mansilla
CUNDINAMARCA;25;FACATATIVÁ;25269;-74,3376365;4,834069748;Propanoducto;Mansilla - Vista Hermosa
CUNDINAMARCA;25;FACATATIVÁ;25269;-74,3376365;4,834069748;Propanoducto;Salgar - Vista Hermosa
CUNDINAMARCA;25;FACATATIVÁ;25269;-74,3376365;4,834069748;Poliducto;Mansilla - Puente Aranda
CUNDINAMARCA;25;FACATATIVÁ;25269;-74,3376365;4,834069748;Propanoducto;Mansilla - Vista Hermosa
CUNDINAMARCA;25;FACATATIVÁ;25269;-74,3376365;4,834069748;Poliducto;Salgar - Mansilla
CUNDINAMARCA;25;FACATATIVÁ;25269;-74,3376365;4,834069748;Propanoducto;Mansilla - Vista Hermosa
CUNDINAMARCA;25;FACATATIVÁ;25269;-74,3376365;4,834069748;Propanoducto;Mansilla - Vista Hermosa
CUNDINAMARCA;25;FACATATIVÁ;25269;-74,3376365;4,834069748;Propanoducto;Salgar - Vista Hermosa
CUNDINAMARCA;25;FACATATIVÁ;25269;-74,3376365;4,834069748;Estación;MANSILLA
TOLIMA;73;FALAN;73270;-74,95700901;5,07954207;;
CALDAS;17;FILADELFIA;17272;-75,58969408;5,286055993;Poliducto;Medellín - Cartago
QUINDÍO;63;FILANDIA;63272;-75,67177468;4,668825927;;
BOYACÁ;15;FIRAVITOBA;15272;-73,01950774;5,673509072;;
TOLIMA;73;FLANDES;73275;-74,83692392;4,242885986;;
CAQUETÁ;18;FLORENCIA;18001;-75,56183267;1,74855779;;
CAUCA;19;FLORENCIA;19290;-77,08709597;1,694591383;;
BOYACÁ;15;FLORESTA;15276;-72,92498357;5,859074395;;
SANTANDER;68;FLORIÁN;68271;-73,95538274;5,800809126;Oleoducto;OCENSA (Oleoducto Central)
VALLE DEL CAUCA;76;FLORIDA;76275;-76,16574079;3,303973552;;
SANTANDER;68;FLORIDABLANCA;68276;-73,06820861;7,07928395;;
CUNDINAMARCA;25;FÓMEQUE;25279;-73,79624;4,528795856;;
LA GUAJIRA;44;FONSECA;44279;-72,80158563;10,82793735;;
ARAUCA;81;FORTUL;81300;-71,79229266;6,750709118;Oleoducto;OBC (Oleoducto Bicentenario de Colombia)
CUNDINAMARCA;25;FOSCA;25281;-73,95299082;4,31697959;;
NARIÑO;52;FRANCISCO PIZARRO;52520;-78,59111838;2,08856515;;
NARIÑO;52;SALAHONDA;52520;-78,59111838;2,08856515;;
ANTIOQUIA;5;FREDONIA;5282;-75,68061973;5,886359945;Poliducto;Medellín - Cartago
TOLIMA;73;FRESNO;73283;-75,05185146;5,18735528;Poliducto;ODECA (Oleoducto de Caldas)
TOLIMA;73;FRESNO;73283;-75,05185146;5,18735528;Estación;FRESNO
ANTIOQUIA;5;FRONTINO;5284;-76,33439349;6,685100921;;
META;50;FUENTE DE ORO;50287;-73,59551327;3,382942662;;
MAGDALENA;47;FUNDACIÓN;47288;-73,88463094;10,45907219;Poliducto;Pozos Colorados - Ayacucho - Galán
NARIÑO;52;FUNES;52287;-77,39547992;0,955863743;;
CUNDINAMARCA;25;FUNZA;25286;-74,19868701;4,743902557;Poliducto;Mansilla - Puente Aranda
CUNDINAMARCA;25;FÚQUENE;25288;-73,7702526;5,416377563;;
CUNDINAMARCA;25;FUSAGASUGÁ;25290;-74,38317078;4,318799109;;
CUNDINAMARCA;25;GACHALÁ;25293;-73,51032203;4,655280404;;
CUNDINAMARCA;25;GACHANCIPÁ;25295;-73,87647905;5,010229873;Poliducto;Polioriente
BOYACÁ;15;GACHANTIVÁ;15293;-73,54242419;5,744145185;;
CUNDINAMARCA;25;GACHETÁ;25297;-73,61806383;4,867100565;;
SANTANDER;68;GALÁN;68296;-73,32512053;6,671617602;;
ATLÁNTICO;8;GALAPA;8296;-74,88707971;10,89801353;Estación;BARANOA
SUCRE;70;GALERAS;70235;-74,98005013;9,134614061;Oleoducto;Ayacucho - Coveñas
CUNDINAMARCA;25;GAMA;25299;-73,60113469;4,723461754;;
CESAR;20;GAMARRA;20295;-73,70639009;8,337807175;Oleoducto;Ayacucho - Galán
CESAR;20;GAMARRA;20295;-73,70639009;8,337807175;Oleoducto;Galán - Ayacucho
CESAR;20;GAMARRA;20295;-73,70639009;8,337807175;Poliducto;Pozos Colorados - Ayacucho - Galán
SANTANDER;68;GÁMBITA;68298;-73,31893948;5,925059937;;
BOYACÁ;15;GÁMEZA;15296;-72,72970296;5,798968724;;
BOYACÁ;15;GARAGOA;15299;-73,31370074;5,089549767;;
HUILA;41;GARZÓN;41298;-75,57132947;2,172797229;;
QUINDÍO;63;GÉNOVA;63302;-75,76077108;4,180256961;;
HUILA;41;GIGANTE;41306;-75,51718566;2,371789547;;
VALLE DEL CAUCA;76;GINEBRA;76306;-76,1910558;3,74405328;;
ANTIOQUIA;5;GIRALDO;5306;-75,95895142;6,6478848;;
CUNDINAMARCA;25;GIRARDOT;25307;-74,81161223;4,338019871;;
ANTIOQUIA;5;GIRARDOTA;5308;-75,44791872;6,379884092;Poliducto;Sebastopol - Medellín
SANTANDER;68;GIRÓN;68307;-73,20462774;6,976463248;Poliducto;Galán - Chimita
ANTIOQUIA;5;GÓMEZ PLATA;5310;-75,19296674;6,709325115;;
CESAR;20;GONZÁLEZ;20310;-73,37573931;8,405885155;;
NORTE DE SANTANDER;54;GRAMALOTE;54313;-72,80651035;7,907179328;;
CUNDINAMARCA;25;GRANADA;25312;-74,33725831;4,523531519;;
ANTIOQUIA;5;GRANADA;5313;-75,12721848;6,123360555;;
META;50;GRANADA;50313;-73,75894382;3,448022862;;
SANTANDER;68;GUACA;68318;-72,82394232;6,943289833;;
BOYACÁ;15;GUACAMAYAS;15317;-72,51663675;6,445304264;;
VALLE DEL CAUCA;76;GUACARÍ;76318;-76,34555542;3,759368524;Poliducto;ODECA (Oleoducto de Caldas)
CAUCA;19;GUACHENE;19300;-76,39226441;3,1442428;;
CUNDINAMARCA;25;GUACHETÁ;25317;-73,69269959;5,38712999;Poliducto;Polioriente
NARIÑO;52;GUACHUCAL;52317;-77,73766797;0,975231456;Oleoducto;OTA (Trasandino)
SANTANDER;68;GUADALUPE;68320;-73,40954837;6,233448854;;
ANTIOQUIA;5;GUADALUPE;5315;-75,22537292;6,865276523;;
HUILA;41;GUADALUPE;41319;-75,69690085;1,984492423;;
CUNDINAMARCA;25;GUADUAS;25320;-74,64009321;5,173461686;Poliducto;ODECA (Oleoducto de Caldas)
CUNDINAMARCA;25;GUADUAS;25320;-74,64009321;5,173461686;Poliducto;Salgar - Mansilla
CUNDINAMARCA;25;GUADUAS;25320;-74,64009321;5,173461686;Propanoducto;Salgar - Vista Hermosa
CUNDINAMARCA;25;GUADUAS;25320;-74,64009321;5,173461686;Oleoducto;OAM (Oleoducto Alto Magdalena)
CUNDINAMARCA;25;GUADUAS;25320;-74,64009321;5,173461686;Poliducto;Salgar - Neiva
CUNDINAMARCA;25;GUADUAS;25320;-74,64009321;5,173461686;Estación;GUADUERO
NARIÑO;52;GUAITARILLA;52320;-77,52994256;1,151507867;;
NARIÑO;52;GUALMATÁN;52323;-77,58256685;0,928722606;Oleoducto;OTA (Trasandino)
MAGDALENA;47;GUAMAL;47318;-74,13961187;9,247798403;Oleoducto;Ayacucho - Coveñas
MAGDALENA;47;GUAMAL;47318;-74,13961187;9,247798403;Oleoducto;Caño Limón - Coveñas
META;50;GUAMAL;50318;-73,9592761;3,947533956;;
TOLIMA;73;GUAMO;73319;-74,95739035;4,050471712;Oleoducto;Toldado - Gualanday
TOLIMA;73;GUAMO;73319;-74,95739035;4,050471712;Oleoducto;OAM (Oleoducto Alto Magdalena)
TOLIMA;73;GUAMO;73319;-74,95739035;4,050471712;Poliducto;Salgar - Neiva
CAUCA;19;GUAPI;19318;-77,69046817;2,413296015;;
SANTANDER;68;GUAPOTÁ;68322;-73,33089047;6,319367172;;
SUCRE;70;GUARANDA;70265;-74,68603416;8,334972475;;
ANTIOQUIA;5;GUARNE;5318;-75,43405297;6,2683265;;
CUNDINAMARCA;25;GUASCA;25322;-73,84618766;4,800363578;;
ANTIOQUIA;5;GUATAPÉ;5321;-75,15619626;6,236642941;;
CUNDINAMARCA;25;GUATAQUÍ;25324;-74,78264212;4,515763452;;
CUNDINAMARCA;25;GUATAVITA;25326;-73,78658125;4,911488779;;
BOYACÁ;15;GUATEQUE;15322;-73,48783922;5,014053535;;
RISARALDA;66;GUÁTICA;66318;-75,80470403;5,32041959;;
SANTANDER;68;GUAVATÁ;68324;-73,72164533;5,944526702;Poliducto;Polioriente
TOLIMA;73;GUAYABAL;73055;-74,84731985;5,00685261;Oleoducto;OAM (Oleoducto Alto Magdalena)
TOLIMA;73;GUAYABAL;73055;-74,84731985;5,00685261;Poliducto;Salgar - Neiva
CUNDINAMARCA;25;GUAYABAL DE SÍQUIMA;25328;-74,48338895;4,879098065;;
CUNDINAMARCA;25;GUAYABETAL;25335;-73,83554218;4,231891974;;
BOYACÁ;15;GUAYATÁ;15325;-73,49627182;4,931373064;;
SANTANDER;68;GÜEPSA;68327;-73,57806491;6,045538996;;
BOYACÁ;15;GUICÁN;15332;-72,25447994;6,567161948;;
CUNDINAMARCA;25;GUTIÉRREZ;25339;-74,02507783;4,166117076;;
NORTE DE SANTANDER;54;HACARÍ;54344;-73,07812894;8,362180954;;
BOLÍVAR;13;HATILLO DE LOBA;13300;-74,09002164;8,981786634;;
SANTANDER;68;HATO;68344;-73,36284809;6,560253234;;
CASANARE;85;HATO COROZAL;85125;-71,52438468;6,040591102;Oleoducto;OBC (Oleoducto Bicentenario de Colombia)
LA GUAJIRA;44;HATO NUEVO;44378;-72,73268695;11,09922604;;
ANTIOQUIA;5;HELICONIA;5347;-75,74986548;6,214635858;;
NORTE DE SANTANDER;54;HERRÁN;54347;-72,49278085;7,49404949;;
TOLIMA;73;HERVEO;73347;-75,24274879;5,069016977;Poliducto;ODECA (Oleoducto de Caldas)
TOLIMA;73;HERVEO;73347;-75,24274879;5,069016977;Estación;HERVEO
ANTIOQUIA;5;HISPANIA;5353;-75,90717664;5,795348887;;
HUILA;41;HOBO;41349;-75,44733512;2,542158967;;
TOLIMA;73;HONDA;73349;-74,78280406;5,179332099;Poliducto;ODECA (Oleoducto de Caldas)
TOLIMA;73;HONDA;73349;-74,78280406;5,179332099;Oleoducto;OAM (Oleoducto Alto Magdalena)
TOLIMA;73;HONDA;73349;-74,78280406;5,179332099;Poliducto;Salgar - Neiva
TOLIMA;73;IBAGUÉ;73001;-75,25279396;4,451871793;Oleoducto;OAM (Oleoducto Alto Magdalena)
TOLIMA;73;IBAGUÉ;73001;-75,25279396;4,451871793;Poliducto;Salgar - Neiva
TOLIMA;73;ICONONZO;73352;-74,53926977;4,133008192;;
NARIÑO;52;ILES;52352;-77,51871489;0,980562231;;
NARIÑO;52;IMUÉS;52354;-77,50155363;1,073035921;;
GUAINÍA;94;INÍRIDA;94001;-68,00834728;3,517308987;;
CAUCA;19;INZÁ;19355;-76,13768373;2,499247444;;
NARIÑO;52;IPIALES;52356;-77,24041197;0,499064463;;
HUILA;41;ÍQUIRA;41357;-75,67415097;2,692333939;;
HUILA;41;ISNOS;41359;-76,18213936;1,945590526;;
CHOCÓ;27;ISTMINA;27361;-77,00205615;4,582743218;;
ANTIOQUIA;5;ITAGÜÍ;5360;-75,61470233;6,178334576;;
ANTIOQUIA;5;ITUANGO;5361;-75,67864762;7,242826116;;
BOYACÁ;15;IZA;15362;-72,9697734;5,617187808;;
CAUCA;19;JAMBALÓ;19364;-76,31159736;2,849486022;;
VALLE DEL CAUCA;76;JAMUNDÍ;76364;-76,62721696;3,214479587;;
ANTIOQUIA;5;JARDÍN;5364;-75,81896603;5,575085466;;
BOYACÁ;15;JENESANO;15367;-73,40094747;5,389151253;Oleoducto;OCENSA (Oleoducto Central)
BOYACÁ;15;JENESANO;15367;-73,40094747;5,389151253;Poliducto;Poliandino
ANTIOQUIA;5;JERICÓ;5368;-75,76536926;5,770378144;;
BOYACÁ;15;JERICÓ;15368;-72,58512074;6,155637583;;
CUNDINAMARCA;25;JERUSALÉN;25368;-74,68969677;4,570759529;;
SANTANDER;68;JESÚS MARÍA;68368;-73,79016015;5,872118589;Oleoducto;OCENSA (Oleoducto Central)
SANTANDER;68;JORDÁN;68370;-73,12070011;6,710156947;;
ATLÁNTICO;8;JUAN DE ACOSTA;8372;-75,07807382;10,82294101;;
CUNDINAMARCA;25;JUNÍN;25372;-73,69152899;4,704657422;;
CHOCÓ;27;JURADÓ;27372;-77,67963852;7,103545996;;
CÓRDOBA;23;LA APARTADA;23350;-75,28847803;8,052078961;Oleoducto;OCENSA (Oleoducto Central)
CÓRDOBA;23;LA APARTADA;23350;-75,28847803;8,052078961;Oleoducto;ODC (Oleoducto de Colombia)
HUILA;41;LA ARGENTINA;41378;-76,00706256;2,15660585;;
SANTANDER;68;LA BELLEZA;68377;-74,04668391;5,895862685;Oleoducto;OCENSA (Oleoducto Central)
CUNDINAMARCA;25;LA CALERA;25377;-73,92932772;4,700774454;;
BOYACÁ;15;LA CAPILLA;15380;-73,45899203;5,113251769;;
ANTIOQUIA;5;LA CEJA;5376;-75,43120111;5,99407059;;
RISARALDA;66;LA CELIA;66383;-76,00811329;4,987846362;;
AMAZONAS;91;LA CHORRERA;91405;-72,44442966;-1,509799606;;
NARIÑO;52;LA CRUZ;52378;-76,92350488;1,584165425;;
VALLE DEL CAUCA;76;LA CUMBRE;76377;-76,59018489;3,694306893;Poliducto;Buenaventura - Yumbo
CALDAS;17;LA DORADA;17380;-74,71868745;5,410045515;Poliducto;ODECA (Oleoducto de Caldas)
CALDAS;17;LA DORADA;17380;-74,71868745;5,410045515;Oleoducto;OAM (Oleoducto Alto Magdalena)
CALDAS;17;LA DORADA;17380;-74,71868745;5,410045515;Poliducto;Salgar - Neiva
CALDAS;17;LA DORADA;17380;-74,71868745;5,410045515;Oleoducto;OAM (Oleoducto Alto Magdalena)
CALDAS;17;LA DORADA;17380;-74,71868745;5,410045515;Poliducto;ODECA (Oleoducto de Caldas)
CALDAS;17;LA DORADA;17380;-74,71868745;5,410045515;Poliducto;Salgar - Neiva
PUTUMAYO;86;LA DORADA;86757;-76,84521105;0,271739983;Oleoducto;OSO (San Miguel - Orito)
NORTE DE SANTANDER;54;LA ESPERANZA;54385;-73,3563888;7,695206536;Oleoducto;Ayacucho - Galán
NORTE DE SANTANDER;54;LA ESPERANZA;54385;-73,3563888;7,695206536;Oleoducto;Galán - Ayacucho
NORTE DE SANTANDER;54;LA ESPERANZA;54385;-73,3563888;7,695206536;Poliducto;Pozos Colorados - Ayacucho - Galán
ANTIOQUIA;5;LA ESTRELLA;5380;-75,64922486;6,138264315;Poliducto;Medellín - Cartago
NARIÑO;52;LA FLORIDA;52381;-77,4226618;1,337917456;;
CESAR;20;LA GLORIA;20383;-73,61592417;8,596881513;Oleoducto;Ayacucho - Coveñas
CESAR;20;LA GLORIA;20383;-73,61592417;8,596881513;Oleoducto;Ayacucho - Galán
CESAR;20;LA GLORIA;20383;-73,61592417;8,596881513;Oleoducto;Caño Limón - Coveñas
CESAR;20;LA GLORIA;20383;-73,61592417;8,596881513;Oleoducto;Galán - Ayacucho
CESAR;20;LA GLORIA;20383;-73,61592417;8,596881513;Poliducto;Pozos Colorados - Ayacucho - Galán
CESAR;20;LA GLORIA;20383;-73,61592417;8,596881513;Poliducto;Ayacucho - Tibú - Río Zulia
CESAR;20;LA GLORIA;20383;-73,61592417;8,596881513;Oleoducto;Caño Limón - Coveñas
CESAR;20;LA GLORIA;20383;-73,61592417;8,596881513;Estación;AYACUCHO
GUAINÍA;94;LA GUADALUPE;94885;-67,00168971;1,403164224;;
PUTUMAYO;86;LA HORMIGA;86865;-76,77073761;0,420620618;Oleoducto;OSO (San Miguel - Orito)
CESAR;20;LA JAGUA DE IBIRICO;20400;-73,32265429;9,521226127;;
LA GUAJIRA;44;LA JAGUA DEL PILAR;44420;-73,07308817;10,45819044;;
NARIÑO;52;LA LLANADA;52385;-77,61750607;1,54189118;;
META;50;LA MACARENA;50350;-74,09496043;2,161969099;;
CALDAS;17;LA MERCED;17388;-75,55793971;5,393782449;Poliducto;Medellín - Cartago
CUNDINAMARCA;25;LA MESA;25386;-74,47344037;4,651061665;;
CUNDINAMARCA;25;LA PALMA;25394;-74,40838536;5,332686456;;
CESAR;20;LA PAZ;20621;-73,07824243;10,24504468;;
SANTANDER;68;LA PAZ;68397;-73,62923268;6,216859833;;
AMAZONAS;91;LA PEDRERA;91407;-69,94602814;-1,550256503;;
CUNDINAMARCA;25;LA PEÑA;25398;-74,40807258;5,204431148;;
ANTIOQUIA;5;LA PINTADA;5390;-75,60180639;5,748416329;Poliducto;Medellín - Cartago
HUILA;41;LA PLATA;41396;-76,001063;2,328152315;;
NORTE DE SANTANDER;54;LA PLAYA;54398;-73,18755135;8,257007421;;
VICHADA;99;LA PRIMAVERA;99524;-69,61059731;5,52191153;;
CASANARE;85;LA SALINA;85136;-72,34729476;6,178437665;;
CAUCA;19;LA SIERRA;19392;-76,78199228;2,187609072;;
QUINDÍO;63;LA TEBAIDA;63401;-75,81720964;4,435477977;;
NARIÑO;52;LA TOLA;52390;-78,23516262;2,560229873;;
SUCRE;70;LA UNIÓN;70400;-75,28853075;8,812081762;;
NARIÑO;52;LA UNIÓN;52399;-77,1428834;1,619793007;;
VALLE DEL CAUCA;76;LA UNIÓN;76400;-76,10349856;4,537780708;;
ANTIOQUIA;5;LA UNIÓN;5400;-75,35359906;5,941090535;;
BOYACÁ;15;LA UVITA;15403;-72,55556008;6,26512424;;
CAUCA;19;LA VEGA;19397;-76,75872282;2,054164058;;
CUNDINAMARCA;25;LA VEGA;25402;-74,3393983;4,978521458;;
VALLE DEL CAUCA;76;LA VICTORIA;76403;-75,96710246;4,483559463;Poliducto;Cartago - Yumbo
VALLE DEL CAUCA;76;LA VICTORIA;76403;-75,96710246;4,483559463;Poliducto;ODECA (Oleoducto de Caldas)
VALLE DEL CAUCA;76;LA VICTORIA;76403;-75,96710246;4,483559463;Poliducto;Cartago - Yumbo
VALLE DEL CAUCA;76;LA VICTORIA;76403;-75,96710246;4,483559463;Poliducto;ODECA (Oleoducto de Caldas)
BOYACÁ;15;LA VICTORIA;15401;-74,24147356;5,506871654;;
AMAZONAS;91;LA VICTORIA;91430;-71,10487805;-0,125016381;;
AMAZONAS;91;PACOA;91430;-71,10487805;-0,125016381;;
RISARALDA;66;LA VIRGINIA;66400;-75,85229522;4,904273571;;
NORTE DE SANTANDER;54;LABATECA;54377;-72,48249058;7,217434697;;
BOYACÁ;15;LABRANZAGRANDE;15377;-72,60062111;5,541022174;;
SANTANDER;68;LANDÁZURI;68385;-73,78713993;6,383342185;Poliducto;Polioriente
SANTANDER;68;LEBRIJA;68406;-73,29130515;7,20420712;Poliducto;Galán - Chimita
NARIÑO;52;LEIVA;52405;-77,31241702;1,902383125;;
META;50;LEJANÍAS;50400;-74,09581461;3,614228737;;
CUNDINAMARCA;25;LENGUAZAQUE;25407;-73,68159564;5,303107622;Poliducto;Polioriente
TOLIMA;73;LÉRIDA;73408;-74,9234095;4,8660556;Oleoducto;OAM (Oleoducto Alto Magdalena)
TOLIMA;73;LÉRIDA;73408;-74,9234095;4,8660556;Poliducto;Salgar - Neiva
AMAZONAS;91;LETICIA;91001;-70,04513991;-3,530014977;;
TOLIMA;73;LÍBANO;73411;-75,04818794;4,877284279;;
ANTIOQUIA;5;LIBORINA;5411;-75,78213818;6,724424898;;
NARIÑO;52;LINARES;52411;-77,52075776;1,395167492;;
CHOCÓ;27;LLORÓ;27413;-76,38298896;5,585819337;;
CAUCA;19;LÓPEZ;19418;-77,24254365;2,958412888;;
CÓRDOBA;23;LORICA;23417;-75,90965267;9,164968088;;
NARIÑO;52;LOS ANDES;52418;-77,71050361;1,672644793;;
NARIÑO;52;SOTOMAYOR;52418;-77,71050361;1,672644793;;
CÓRDOBA;23;LOS CÓRDOBAS;23419;-76,34415446;8,82302294;;
SUCRE;70;LOS PALMITOS;70418;-75,21421051;9,425261901;;
NORTE DE SANTANDER;54;LOS PATIOS;54405;-72,52708313;7,742452142;;
SANTANDER;68;LOS SANTOS;68418;-73,10771737;6,812079343;;
NORTE DE SANTANDER;54;LOURDES;54418;-72,84632446;7,963923329;;
ATLÁNTICO;8;LURUACO;8421;-75,15909697;10,6371938;Poliducto;Cartagena - Baranoa
BOYACÁ;15;MACANAL;15425;-73,29409457;4,979894378;;
SANTANDER;68;MACARAVITA;68425;-72,58520883;6,512814179;;
ANTIOQUIA;5;MACEO;5425;-74,7139674;6,534792554;Poliducto;Sebastopol - Medellín
CUNDINAMARCA;25;MACHETÁ;25426;-73,61731765;5,039973963;;
CUNDINAMARCA;25;MADRID;25430;-74,28919186;4,748276938;Poliducto;Mansilla - Puente Aranda
CUNDINAMARCA;25;MADRID;25430;-74,28919186;4,748276938;Propanoducto;Mansilla - Vista Hermosa
BOLÍVAR;13;MAGANGUÉ;13430;-74,70590262;9,053538767;Oleoducto;Ayacucho - Coveñas
BOLÍVAR;13;MAGANGUÉ;13430;-74,70590262;9,053538767;Oleoducto;Caño Limón - Coveñas
BOLÍVAR;13;MAGANGUÉ;13430;-74,70590262;9,053538767;Estación;EL RETIRO
NARIÑO;52;MAGÜÍ;52427;-78,04471281;1,906975077;;
NARIÑO;52;PAYÁN;52427;-78,04471281;1,906975077;;
BOLÍVAR;13;MAHATES;13433;-75,17977965;10,17839742;Línea Fluvial;Línea de Transporte Fluvial Calamar - Pasacaballos
LA GUAJIRA;44;MAICAO;44430;-72,29530845;11,38114671;;
SUCRE;70;MAJAGUAL;70429;-74,71078206;8,54673787;;
SANTANDER;68;MÁLAGA;68432;-72,73766292;6,720032763;;
ATLÁNTICO;8;MALAMBO;8433;-74,80556636;10,84844655;;
NARIÑO;52;MALLAMA;52435;-77,8466401;1,156020151;Oleoducto;OTA (Trasandino)
ATLÁNTICO;8;MANATÍ;8436;-74,98489706;10,45410466;Línea Fluvial;Línea de Transporte Fluvial Calamar - Pasacaballos
CESAR;20;MANAURE;20443;-73,00719975;10,37986166;;
LA GUAJIRA;44;MANAURE;44560;-72,57155887;11,60543125;;
CESAR;20;MANAURE BALCÓN DEL CESAR;20443;-73,00719975;10,37986166;;
CASANARE;85;MANÍ;85139;-72,21372334;4,675960465;Oleoducto;Santiago - Porvenir
CASANARE;85;MANÍ;85139;-72,21372334;4,675960465;Estación;SANTIAGO
CALDAS;17;MANIZALES;17001;-75,50756844;5,083755787;Poliducto;Medellín - Cartago
CALDAS;17;MANIZALES;17001;-75,50756844;5,083755787;Poliducto;ODECA (Oleoducto de Caldas)
CALDAS;17;MANIZALES;17001;-75,50756844;5,083755787;Estación;MANIZALES
CUNDINAMARCA;25;MANTA;25436;-73,56298642;4,977184087;;
CALDAS;17;MANZANARES;17433;-75,15270659;5,233374625;;
META;50;MAPIRIPÁN;50325;-71,9379479;3,117469434;;
GUAINÍA;94;MAPIRIPANA;94663;-70,14255741;2,862425226;;
BOLÍVAR;13;MARGARITA;13440;-74,22517759;9,054001301;;
BOLÍVAR;13;MARÍA LA BAJA;13442;-75,34379456;9,976007424;Oleoducto;Coveñas - Cartagena
ANTIOQUIA;5;MARINILLA;5440;-75,30473274;6,185360464;;
BOYACÁ;15;MARIPÍ;15442;-74,02007543;5,570169351;;
TOLIMA;73;MARIQUITA;73443;-74,90642333;5,235570433;Poliducto;ODECA (Oleoducto de Caldas)
TOLIMA;73;MARIQUITA;73443;-74,90642333;5,235570433;Oleoducto;OAM (Oleoducto Alto Magdalena)
TOLIMA;73;MARIQUITA;73443;-74,90642333;5,235570433;Poliducto;Salgar - Neiva
TOLIMA;73;MARIQUITA;73443;-74,90642333;5,235570433;Oleoducto;OAM (Oleoducto Alto Magdalena)
TOLIMA;73;MARIQUITA;73443;-74,90642333;5,235570433;Poliducto;ODECA (Oleoducto de Caldas)
TOLIMA;73;MARIQUITA;73443;-74,90642333;5,235570433;Poliducto;Salgar - Neiva
TOLIMA;73;MARIQUITA;73443;-74,90642333;5,235570433;Estación;MARIQUITA
CALDAS;17;MARMATO;17442;-75,60245201;5,492712968;Poliducto;Medellín - Cartago
CALDAS;17;MARQUETALIA;17444;-75,04077472;5,309526582;;
RISARALDA;66;MARSELLA;66440;-75,75363175;4,943303486;Poliducto;Medellín - Cartago
CALDAS;17;MARULANDA;17446;-75,28307689;5,235757931;;
SANTANDER;68;MATANZA;68444;-73,05440034;7,348816052;;
ANTIOQUIA;5;MEDELLÍN;5001;-75,61171966;6,257671611;Poliducto;Medellín - Cartago
ANTIOQUIA;5;MEDELLÍN;5001;-75,61171966;6,257671611;Poliducto;Sebastopol - Medellín
ANTIOQUIA;5;MEDELLÍN;5001;-75,61171966;6,257671611;Poliducto;Medellín - Cartago
ANTIOQUIA;5;MEDELLÍN;5001;-75,61171966;6,257671611;Poliducto;Sebastopol - Medellín
ANTIOQUIA;5;MEDELLÍN;5001;-75,61171966;6,257671611;Estación;TERMINAL MEDELLÍN LA MARÍA
CUNDINAMARCA;25;MEDINA;25438;-73,40628595;4,484383707;;
CHOCÓ;27;MEDIO ATRATO;27425;-76,67342011;6,033887731;;
CHOCÓ;27;BETÉ;27425;-76,67342011;6,033887731;;
CHOCÓ;27;MEDIO BAUDÓ;27430;-76,99598265;5,110474248;;
CHOCÓ;27;BOCA DE PEPÉ;27430;-76,99598265;5,110474248;;
CHOCÓ;27;MEDIO SAN JUAN;27450;-76,81202486;4,649163799;;
CHOCÓ;27;ANDAGOYA;27450;-76,81202486;4,649163799;;
TOLIMA;73;MELGAR;73449;-74,60519148;4,192922648;;
CAUCA;19;MERCADERES;19450;-77,18060659;1,793850468;;
META;50;MESETAS;50330;-74,12450526;3,154703882;;
CAQUETÁ;18;MILÁN;18460;-75,38344173;1,143359704;;
BOYACÁ;15;MIRAFLORES;15455;-73,17888839;5,15140841;Oleoducto;OCENSA (Oleoducto Central)
BOYACÁ;15;MIRAFLORES;15455;-73,17888839;5,15140841;Poliducto;Poliandino
BOYACÁ;15;MIRAFLORES;15455;-73,17888839;5,15140841;Estación;MIRAFLORES
GUAVIARE;95;MIRAFLORES;95200;-72,01801725;1,363759159;;
CAUCA;19;MIRANDA;19455;-76,21660025;3,228099;;
AMAZONAS;91;MIRITÍ-PARANÁ;91460;-71,1855046;-0,687037554;;
AMAZONAS;91;CAMPOAMOR;91460;-71,1855046;-0,687037554;;
RISARALDA;66;MISTRATÓ;66456;-75,96125178;5,414152442;;
VAUPÉS;97;MITÚ;97001;-70,48215829;1,052706652;;
PUTUMAYO;86;MOCOA;86001;-76,66548725;1,260857602;;
SANTANDER;68;MOGOTES;68464;-72,95829057;6,492554437;;
SANTANDER;68;MOLAGAVITA;68468;-72,81894017;6,643531408;;
CÓRDOBA;23;MOMIL;23464;-75,64719895;9,267090791;Oleoducto;OCENSA (Oleoducto Central)
CÓRDOBA;23;MOMIL;23464;-75,64719895;9,267090791;Oleoducto;ODC (Oleoducto de Colombia)
BOLÍVAR;13;MOMPÓS;13468;-74,54525473;9,142389676;Oleoducto;Ayacucho - Coveñas
BOYACÁ;15;MONGUA;15464;-72,6914732;5,709859107;;
BOYACÁ;15;MONGUÍ;15466;-72,83330868;5,69742578;;
BOYACÁ;15;MONIQUIRÁ;15469;-73,55895195;5,862885806;Oleoducto;OCENSA (Oleoducto Central)
BOYACÁ;15;MONIQUIRÁ;15469;-73,55895195;5,862885806;Poliducto;Polioriente
CAQUETÁ;18;MONTAÑITA;18410;-75,23512727;1,302887222;;
ANTIOQUIA;5;MONTEBELLO;5467;-75,51954153;5,917570059;;
BOLÍVAR;13;MONTECRISTO;13458;-74,46323968;8,016848357;;
CÓRDOBA;23;MONTELÍBANO;23466;-75,87533926;7,86569511;;
QUINDÍO;63;MONTENEGRO;63470;-75,81789139;4,521877041;;
CÓRDOBA;23;MONTERÍA;23001;-75,95077434;8,583764193;;
CASANARE;85;MONTERREY;85162;-72,84737554;4,841897679;Oleoducto;Apiay - El Porvenir
CASANARE;85;MONTERREY;85162;-72,84737554;4,841897679;Oleoducto;Araguaney - El Porvenir
CASANARE;85;MONTERREY;85162;-72,84737554;4,841897679;Oleoducto;OCENSA (Oleoducto Central)
CASANARE;85;MONTERREY;85162;-72,84737554;4,841897679;Oleoducto;ODL (Oleoducto de los Llanos Orientales)
CASANARE;85;MONTERREY;85162;-72,84737554;4,841897679;Oleoducto;Oleoducto el Porvenir
CASANARE;85;MONTERREY;85162;-72,84737554;4,841897679;Oleoducto;Santiago - Porvenir
CASANARE;85;MONTERREY;85162;-72,84737554;4,841897679;Poliducto;Poliandino
CASANARE;85;MONTERREY;85162;-72,84737554;4,841897679;Estación;MONTERREY
CASANARE;85;MONTERREY;85162;-72,84737554;4,841897679;Estación;ALTOS DEL PORVENIR
CASANARE;85;MONTERREY;85162;-72,84737554;4,841897679;Estación;PORVENIR
CÓRDOBA;23;MOÑITOS;23500;-76,11906182;9,191448198;;
BOLÍVAR;13;MORALES;13473;-73,97132405;8,253791191;;
CAUCA;19;MORALES;19473;-76,74624374;2,774079633;;
CAQUETÁ;18;MORELIA;18479;-75,67323132;1,378656617;;
GUAINÍA;94;MORICHAL;94888;-69,84003354;2,421432918;;
SUCRE;70;MORROA;70473;-75,32751832;9,391052476;Oleoducto;Ayacucho - Coveñas
SUCRE;70;MORROA;70473;-75,32751832;9,391052476;Oleoducto;Caño Limón - Coveñas
CUNDINAMARCA;25;MOSQUERA;25473;-74,2355112;4,672662255;Poliducto;Mansilla - Puente Aranda
CUNDINAMARCA;25;MOSQUERA;25473;-74,2355112;4,672662255;Propanoducto;Mansilla - Vista Hermosa
CUNDINAMARCA;25;MOSQUERA;25473;-74,2355112;4,672662255;Estación;VISTA HERMOSA
NARIÑO;52;MOSQUERA;52473;-78,43879287;2,442216266;;
BOYACÁ;15;MOTAVITA;15476;-73,37757188;5,605982338;;
TOLIMA;73;MURILLO;73461;-75,22070044;4,82672496;;
ANTIOQUIA;5;MURINDÓ;5475;-76,71165255;6,827117099;;
ANTIOQUIA;5;MUTATÁ;5480;-76,48559562;7,337409097;;
NORTE DE SANTANDER;54;MUTISCUA;54480;-72,76833031;7,317199579;;
BOYACÁ;15;MUZO;15480;-74,11152497;5,539243271;;
NARIÑO;52;NARIÑO;52480;-77,34573337;1,303256717;;
ANTIOQUIA;5;NARIÑO;5483;-75,19405462;5,581498966;;
CUNDINAMARCA;25;NARIÑO;25480;-74,80566465;4,407752022;;
HUILA;41;NÁTAGA;41483;-75,78747446;2,57675247;;
TOLIMA;73;NATAGAIMA;73483;-75,12181553;3,540646262;Oleoducto;OAM (Oleoducto Alto Magdalena)
TOLIMA;73;NATAGAIMA;73483;-75,12181553;3,540646262;Poliducto;Salgar - Neiva
ANTIOQUIA;5;NECHÍ;5495;-74,65810204;7,983497839;;
ANTIOQUIA;5;NECOCLÍ;5490;-76,67484996;8,493034924;;
CALDAS;17;NEIRA;17486;-75,5071985;5,183589708;Poliducto;Medellín - Cartago
HUILA;41;NEIVA;41001;-75,28176564;3,006661074;Oleoducto;Tello - Dina - Tenay
HUILA;41;NEIVA;41001;-75,28176564;3,006661074;Oleoducto;Yaguará - Tenay
HUILA;41;NEIVA;41001;-75,28176564;3,006661074;Oleoducto;OAM (Oleoducto Alto Magdalena)
HUILA;41;NEIVA;41001;-75,28176564;3,006661074;Poliducto;Salgar - Neiva
HUILA;41;NEIVA;41001;-75,28176564;3,006661074;Estación;TELLO
HUILA;41;NEIVA;41001;-75,28176564;3,006661074;Estación;NEIVA
CUNDINAMARCA;25;NEMOCÓN;25486;-73,88354946;5,093610516;Poliducto;Polioriente
CUNDINAMARCA;25;NILO;25488;-74,61496401;4,294677749;;
CUNDINAMARCA;25;NIMAIMA;25489;-74,39720887;5,121969394;;
BOYACÁ;15;NOBSA;15491;-72,93308023;5,778992141;;
CUNDINAMARCA;25;NOCAIMA;25491;-74,38497314;5,073580055;;
CALDAS;17;NORCASIA;17495;-74,85463604;5,63825049;;
BOLÍVAR;13;NOROSI;13490;-74,11601439;8,506173145;;
CHOCÓ;27;NÓVITA;27491;-76,61812885;4,853327071;;
MAGDALENA;47;NUEVA GRANADA;47460;-74,32858351;9,735835167;;
BOYACÁ;15;NUEVO COLÓN;15494;-73,44860306;5,354768988;;
CASANARE;85;NUNCHÍA;85225;-72,09237379;5,52915597;Oleoducto;OBC (Oleoducto Bicentenario de Colombia)
CHOCÓ;27;NUQUÍ;27495;-77,33193207;5,590947124;;
VALLE DEL CAUCA;76;OBANDO;76497;-75,94966695;4,597693271;Poliducto;Cartago - Yumbo
VALLE DEL CAUCA;76;OBANDO;76497;-75,94966695;4,597693271;Poliducto;ODECA (Oleoducto de Caldas)
SANTANDER;68;OCAMONTE;68498;-73,12204948;6,356082582;;
NORTE DE SANTANDER;54;OCAÑA;54498;-73,33760145;8,206626266;;
SANTANDER;68;OIBA;68500;-73,27974871;6,225492571;;
BOYACÁ;15;OICATÁ;15500;-73,27991282;5,610780515;;
ANTIOQUIA;5;OLAYA;5501;-75,77579384;6,612705262;;
NARIÑO;52;OLAYA HERRERA;52490;-78,31225584;2,288663676;;
NARIÑO;52;BOCAS DE SATINGA;52490;-78,31225584;2,288663676;;
SANTANDER;68;ONZAGA;68502;-72,81220943;6,335041908;;
HUILA;41;OPORAPA;41503;-76,04133149;2,061075878;;
PUTUMAYO;86;ORITO;86320;-76,94308902;0,674023464;Oleoducto;OCHO (Churuyaco - Orito)
PUTUMAYO;86;ORITO;86320;-76,94308902;0,674023464;Oleoducto;OMO (Mansoya - Orito)
PUTUMAYO;86;ORITO;86320;-76,94308902;0,674023464;Oleoducto;OSO (San Miguel - Orito)
PUTUMAYO;86;ORITO;86320;-76,94308902;0,674023464;Oleoducto;OTA (Trasandino)
PUTUMAYO;86;ORITO;86320;-76,94308902;0,674023464;Estación;GUAMUEZ
PUTUMAYO;86;ORITO;86320;-76,94308902;0,674023464;Estación;ORITO
CASANARE;85;OROCUÉ;85230;-71,59909727;4,915489626;;
TOLIMA;73;ORTEGA;73504;-75,27681945;3,936883767;Oleoducto;Toldado - Gualanday
TOLIMA;73;ORTEGA;73504;-75,27681945;3,936883767;Estación;TOLDADO
NARIÑO;52;OSPINA;52506;-77,55248905;1,029794567;;
BOYACÁ;15;OTANCHE;15507;-74,19727105;5,753609484;Oleoducto;OCENSA (Oleoducto Central)
SUCRE;70;OVEJAS;70508;-75,185645;9,550730059;;
BOYACÁ;15;PACHAVITA;15511;-73,39956208;5,148253959;;
CUNDINAMARCA;25;PACHO;25513;-74,16311455;5,168399508;;
VAUPÉS;97;PACOA;97511;-70,54334382;-0,008331371;;
CALDAS;17;PÁCORA;17513;-75,48238302;5,500541573;Poliducto;Medellín - Cartago
CAUCA;19;PADILLA;19513;-76,33624273;3,194902556;;
BOYACÁ;15;PÁEZ;15514;-73,00136751;5,097164609;Oleoducto;OCENSA (Oleoducto Central)
BOYACÁ;15;PÁEZ;15514;-73,00136751;5,097164609;Poliducto;Poliandino
CAUCA;19;PÁEZ;19517;-75,99406357;2,73433105;;
CAUCA;19;BELALCÁZAR;19517;-75,99406357;2,73433105;;
HUILA;41;PAICOL;41518;-75,70319177;2,393783421;;
CESAR;20;PAILITAS;20517;-73,57219319;8,938790266;Oleoducto;Caño Limón - Coveñas
CESAR;20;PAILITAS;20517;-73,57219319;8,938790266;Poliducto;Pozos Colorados - Ayacucho - Galán
CHOCÓ;27;PAIMADÓ;27600;-76,81082598;5,56661007;;
CUNDINAMARCA;25;PAIME;25518;-74,16411525;5,38751294;;
BOYACÁ;15;PAIPA;15516;-73,14644856;5,760289463;;
CAUCA;19;PAISPAMBA;19760;-76,61163724;2,231922933;;
BOYACÁ;15;PAJARITO;15518;-72,69670699;5,384033162;;
HUILA;41;PALERMO;41524;-75,44075121;2,914453189;Oleoducto;Yaguará - Tenay
CALDAS;17;PALESTINA;17524;-75,66220059;5,050753752;Poliducto;Medellín - Cartago
HUILA;41;PALESTINA;41530;-76,14768001;1,684925702;;
SANTANDER;68;PALMAR;68522;-73,28343744;6,529646556;;
ATLÁNTICO;8;PALMAR DE VARELA;8520;-74,76979122;10,69475164;;
SANTANDER;68;PALMAS DEL SOCORRO;68524;-73,28240257;6,392296171;;
VALLE DEL CAUCA;76;PALMIRA;76520;-76,22770688;3,558572314;;
SUCRE;70;PALMITO;70523;-75,56101047;9,337684286;Oleoducto;Ayacucho - Coveñas
SUCRE;70;PALMITO;70523;-75,56101047;9,337684286;Oleoducto;Caño Limón - Coveñas
SUCRE;70;PALMITO;70523;-75,56101047;9,337684286;Oleoducto;Coveñas - Cartagena
TOLIMA;73;PALOCABILDO;73520;-75,01829504;5,094274776;;
NORTE DE SANTANDER;54;PAMPLONA;54518;-72,67535797;7,379080259;;
NORTE DE SANTANDER;54;PAMPLONITA;54520;-72,63510857;7,483187367;;
GUAINÍA;94;PANÁ-PANÁ;94887;-68,17942117;1,975633229;;
CUNDINAMARCA;25;PANDI;25524;-74,47090989;4,180572752;;
BOYACÁ;15;PANQUEBA;15522;-72,4618145;6,443537561;;
VAUPÉS;97;PAPUNAUA;97777;-70,91166315;1,569312272;;
SANTANDER;68;PÁRAMO;68533;-73,17125824;6,41686484;;
CUNDINAMARCA;25;PARATEBUENO;25530;-73,24156338;4,367537443;Oleoducto;Oleoducto el Porvenir
CUNDINAMARCA;25;PARATEBUENO;25530;-73,24156338;4,367537443;Poliducto;Poliandino
CUNDINAMARCA;25;PASCA;25535;-74,27039915;4,295195966;;
NARIÑO;52;PASTO;52001;-77,20290615;1,078173021;;
CAUCA;19;PATÍA;19532;-77,04671562;2,157734925;;
CAUCA;19;EL BORDO;19532;-77,04671562;2,157734925;;
BOYACÁ;15;PAUNA;15531;-74,00510069;5,68911184;;
BOYACÁ;15;PAYA;15533;-72,36925808;5,621176635;;
CASANARE;85;PAZ DE ARIPORO;85250;-70,87131324;5,780053861;Oleoducto;OBC (Oleoducto Bicentenario de Colombia)
BOYACÁ;15;PAZ DE RIO;15537;-72,75997303;6,030038959;;
MAGDALENA;47;PEDRAZA;47541;-74,83019325;10,15370935;;
CESAR;20;PELAYA;20550;-73,71352302;8,701704407;Oleoducto;Ayacucho - Coveñas
CESAR;20;PELAYA;20550;-73,71352302;8,701704407;Oleoducto;Caño Limón - Coveñas
CESAR;20;PELAYA;20550;-73,71352302;8,701704407;Poliducto;Pozos Colorados - Ayacucho - Galán
CALDAS;17;PENSILVANIA;17541;-75,16635081;5,407576629;;
ANTIOQUIA;5;PEÑOL;5541;-75,22092651;6,2461851;;
ANTIOQUIA;5;PEQUE;5543;-75,88945957;7,044171711;;
RISARALDA;66;PEREIRA;66001;-75,79596158;4,803992109;Poliducto;Medellín - Cartago
RISARALDA;66;PEREIRA;66001;-75,79596158;4,803992109;Poliducto;ODECA (Oleoducto de Caldas)
BOYACÁ;15;PESCA;15542;-73,07833667;5,498234807;;
CAUCA;19;PIAMONTE;19533;-76,44425057;1,053994803;;
SANTANDER;68;PIEDECUESTA;68547;-73,01526;6,971486369;;
NARIÑO;52;PIEDRANCHA;52435;-77,8466401;1,156020151;Oleoducto;OTA (Trasandino)
TOLIMA;73;PIEDRAS;73547;-74,99894564;4,43308368;Oleoducto;OAM (Oleoducto Alto Magdalena)
TOLIMA;73;PIEDRAS;73547;-74,99894564;4,43308368;Poliducto;Salgar - Neiva
CAUCA;19;PIENDAMÓ;19548;-76,53773989;2,701981806;;
QUINDÍO;63;PIJAO;63548;-75,68326757;4,303205871;;
MAGDALENA;47;PIJIÑO  DEL CARMEN;47545;-74,14469758;9,530670014;Oleoducto;Caño Limón - Coveñas
SANTANDER;68;PINCHOTE;68549;-73,17522319;6,513822413;;
BOLÍVAR;13;PINILLOS;13549;-74,40867026;8,886404467;;
ATLÁNTICO;8;PIOJÓ;8549;-75,14404675;10,74054273;;
BOYACÁ;15;PISVA;15550;-72,43930405;5,768409103;;
HUILA;41;PITAL;41548;-75,83099691;2,259488071;;
HUILA;41;PITALITO;41551;-76,11922568;1,826773934;;
MAGDALENA;47;PIVIJAY;47551;-74,41290225;10,43278753;;
TOLIMA;73;PLANADAS;73555;-75,8169036;3,098730798;;
CÓRDOBA;23;PLANETA RICA;23555;-75,68927625;8,181344699;Oleoducto;OCENSA (Oleoducto Central)
CÓRDOBA;23;PLANETA RICA;23555;-75,68927625;8,181344699;Oleoducto;ODC (Oleoducto de Colombia)
MAGDALENA;47;PLATO;47555;-74,60082782;9,769282481;;
NARIÑO;52;POLICARPA;52540;-77,4812106;1,735371369;;
ATLÁNTICO;8;POLONUEVO;8558;-74,8539391;10,76759996;;
ATLÁNTICO;8;PONEDERA;8560;-74,79843251;10,59463539;;
CAUCA;19;POPAYÁN;19001;-76,59203701;2,471791594;;
CASANARE;85;PORE;85263;-71,92503544;5,662751657;Oleoducto;OBC (Oleoducto Bicentenario de Colombia)
NARIÑO;52;POTOSÍ;52560;-77,52870407;0,785987297;;
VALLE DEL CAUCA;76;PRADERA;76563;-76,17851282;3,420749203;;
TOLIMA;73;PRADO;73563;-74,87180816;3,728517949;;
NARIÑO;52;PROVIDENCIA;52565;-77,5983552;1,232835306;;
CESAR;20;PUEBLO BELLO;20570;-73,6143802;10,41708627;;
CÓRDOBA;23;PUEBLO NUEVO;23570;-75,41250519;8,482209667;Oleoducto;OCENSA (Oleoducto Central)
CÓRDOBA;23;PUEBLO NUEVO;23570;-75,41250519;8,482209667;Oleoducto;ODC (Oleoducto de Colombia)
RISARALDA;66;PUEBLO RICO;66572;-76,07375746;5,286324788;;
ANTIOQUIA;5;PUEBLORRICO;5576;-75,8611432;5,810015811;;
MAGDALENA;47;PUEBLOVIEJO;47570;-74,36057422;10,84788654;;
SANTANDER;68;PUENTE NACIONAL;68572;-73,67850697;5,830384307;Oleoducto;OCENSA (Oleoducto Central)
SANTANDER;68;PUENTE NACIONAL;68572;-73,67850697;5,830384307;Poliducto;Polioriente
NARIÑO;52;PUERRES;52573;-77,35039495;0,854333344;Oleoducto;OTA (Trasandino)
NARIÑO;52;PUERRES;52573;-77,35039495;0,854333344;Estación;ALISALES
NARIÑO;52;PUERRES;52573;-77,35039495;0,854333344;Estación;PÁRAMO
AMAZONAS;91;PUERTO ALEGRÍA;91530;-73,75722748;-0,952145073;;
AMAZONAS;91;PUERTO ARICA;91536;-71,14840756;-1,910847688;;
PUTUMAYO;86;PUERTO ASÍS;86568;-76,52158203;0,4328757;Oleoducto;OMO (Mansoya - Orito)
ANTIOQUIA;5;PUERTO BERRÍO;5579;-74,52874043;6,481831739;Oleoducto;OCENSA (Oleoducto Central)
ANTIOQUIA;5;PUERTO BERRÍO;5579;-74,52874043;6,481831739;Oleoducto;ODC (Oleoducto de Colombia)
ANTIOQUIA;5;PUERTO BERRÍO;5579;-74,52874043;6,481831739;Poliducto;Sebastopol - Medellín
BOYACÁ;15;PUERTO BOYACÁ;15572;-74,45268259;5,953667747;Oleoducto;OCENSA (Oleoducto Central)
BOYACÁ;15;PUERTO BOYACÁ;15572;-74,45268259;5,953667747;Oleoducto;ODC (Oleoducto de Colombia)
BOYACÁ;15;PUERTO BOYACÁ;15572;-74,45268259;5,953667747;Oleoducto;Vasconia - CIB
BOYACÁ;15;PUERTO BOYACÁ;15572;-74,45268259;5,953667747;Oleoducto;"Velásquez 26"""
BOYACÁ;15;PUERTO BOYACÁ;15572;-74,45268259;5,953667747;Poliducto;Galán - Salgar
BOYACÁ;15;PUERTO BOYACÁ;15572;-74,45268259;5,953667747;Propanoducto;Galán - Salgar
BOYACÁ;15;PUERTO BOYACÁ;15572;-74,45268259;5,953667747;Oleoducto;Vasconia - CIB
BOYACÁ;15;PUERTO BOYACÁ;15572;-74,45268259;5,953667747;Poliducto;Galán - Salgar
BOYACÁ;15;PUERTO BOYACÁ;15572;-74,45268259;5,953667747;Estación;VASCONIA
PUTUMAYO;86;PUERTO CAICEDO;86569;-76,49864428;0,703417234;Oleoducto;OMO (Mansoya - Orito)
VICHADA;99;PUERTO CARREÑO;99001;-68,14122233;5,836529668;;
GUAINÍA;94;PUERTO COLOMBIA;94884;-68,25799032;2,58282954;;
ATLÁNTICO;8;PUERTO COLOMBIA;8573;-74,90784158;11,00429586;;
META;50;PUERTO CONCORDIA;50450;-72,72297707;2,751081686;;
CÓRDOBA;23;PUERTO ESCONDIDO;23574;-76,19292154;8,988811929;;
META;50;PUERTO GAITÁN;50568;-71,63147935;4,005994061;Oleoducto;ODL (Oleoducto de los Llanos Orientales)
PUTUMAYO;86;PUERTO GUZMÁN;86571;-75,87629627;0,744779876;;
PUTUMAYO;86;PUERTO LEGUÍZAMO;86573;-75,06455224;0,059293221;;
CÓRDOBA;23;PUERTO LIBERTADOR;23580;-75,77014154;7,711517289;;
META;50;PUERTO LLERAS;50577;-73,2331702;3,190700772;;
META;50;PUERTO LÓPEZ;50573;-72,6431593;4,014531988;Oleoducto;ODL (Oleoducto de los Llanos Orientales)
ANTIOQUIA;5;PUERTO NARE;5585;-74,68388564;6,1392345;Oleoducto;OCENSA (Oleoducto Central)
ANTIOQUIA;5;PUERTO NARE;5585;-74,68388564;6,1392345;Oleoducto;ODC (Oleoducto de Colombia)
AMAZONAS;91;PUERTO NARIÑO;91540;-70,47191972;-3,631321419;;
SANTANDER;68;PUERTO PARRA;68573;-73,95728932;6,685426353;Oleoducto;Vasconia - CIB
SANTANDER;68;PUERTO PARRA;68573;-73,95728932;6,685426353;Poliducto;Galán - Salgar
SANTANDER;68;PUERTO PARRA;68573;-73,95728932;6,685426353;Propanoducto;Galán - Salgar
BOLÍVAR;13;PUERTO RICO;13810;-74,29672506;8,49237037;;
CAQUETÁ;18;PUERTO RICO;18592;-75,07304261;2,018944498;;
META;50;PUERTO RICO;50590;-73,13885204;2,755772505;;
ARAUCA;81;PUERTO RONDÓN;81591;-70,96811667;6,410932018;;
CUNDINAMARCA;25;PUERTO SALGAR;25572;-74,57943875;5,619566658;Jetducto;Salgar - Base Aérea Palenquero
CUNDINAMARCA;25;PUERTO SALGAR;25572;-74,57943875;5,619566658;Poliducto;Galán - Salgar
CUNDINAMARCA;25;PUERTO SALGAR;25572;-74,57943875;5,619566658;Poliducto;ODECA (Oleoducto de Caldas)
CUNDINAMARCA;25;PUERTO SALGAR;25572;-74,57943875;5,619566658;Poliducto;Salgar - Mansilla
CUNDINAMARCA;25;PUERTO SALGAR;25572;-74,57943875;5,619566658;Propanoducto;Galán - Salgar
CUNDINAMARCA;25;PUERTO SALGAR;25572;-74,57943875;5,619566658;Propanoducto;Salgar - Vista Hermosa
CUNDINAMARCA;25;PUERTO SALGAR;25572;-74,57943875;5,619566658;Oleoducto;OAM (Oleoducto Alto Magdalena)
CUNDINAMARCA;25;PUERTO SALGAR;25572;-74,57943875;5,619566658;Poliducto;Salgar - Neiva
CUNDINAMARCA;25;PUERTO SALGAR;25572;-74,57943875;5,619566658;Poliducto;Galán - Salgar
CUNDINAMARCA;25;PUERTO SALGAR;25572;-74,57943875;5,619566658;Propanoducto;Galán - Salgar
CUNDINAMARCA;25;PUERTO SALGAR;25572;-74,57943875;5,619566658;Oleoducto;OAM (Oleoducto Alto Magdalena)
CUNDINAMARCA;25;PUERTO SALGAR;25572;-74,57943875;5,619566658;Poliducto;ODECA (Oleoducto de Caldas)
CUNDINAMARCA;25;PUERTO SALGAR;25572;-74,57943875;5,619566658;Poliducto;Salgar - Neiva
CUNDINAMARCA;25;PUERTO SALGAR;25572;-74,57943875;5,619566658;Estación;SALGAR
NORTE DE SANTANDER;54;PUERTO SANTANDER;54553;-72,41116978;8,329060152;;
CAUCA;19;PUERTO TEJADA;19573;-76,41820062;3,266485304;;
ANTIOQUIA;5;PUERTO TRIUNFO;5591;-74,68566562;5,955724817;;
SANTANDER;68;PUERTO WILCHES;68575;-73,83614519;7,397564552;Oleoducto;Ayacucho - Galán
SANTANDER;68;PUERTO WILCHES;68575;-73,83614519;7,397564552;Oleoducto;Galán - Ayacucho
SANTANDER;68;PUERTO WILCHES;68575;-73,83614519;7,397564552;Oleoducto;Yarirí - Comuneros
SANTANDER;68;PUERTO WILCHES;68575;-73,83614519;7,397564552;Poliducto;Pozos Colorados - Ayacucho - Galán
CUNDINAMARCA;25;PULÍ;25580;-74,68061558;4,69154564;;
NARIÑO;52;PUPIALES;52585;-77,63335446;0,916793787;Oleoducto;OTA (Trasandino)
CAUCA;19;PURACÉ;19585;-76,45888407;2,271689862;;
CAUCA;19;COCONUCO;19585;-76,45888407;2,271689862;;
TOLIMA;73;PURIFICACIÓN;73585;-74,87087669;3,867906156;;
CÓRDOBA;23;PURÍSIMA;23586;-75,71828437;9,286092611;Oleoducto;OCENSA (Oleoducto Central)
CÓRDOBA;23;PURÍSIMA;23586;-75,71828437;9,286092611;Oleoducto;ODC (Oleoducto de Colombia)
CUNDINAMARCA;25;QUEBRADANEGRA;25592;-74,49421543;5,099998432;Poliducto;Salgar - Mansilla
CUNDINAMARCA;25;QUEBRADANEGRA;25592;-74,49421543;5,099998432;Propanoducto;Salgar - Vista Hermosa
CUNDINAMARCA;25;QUETAME;25594;-73,85222938;4,334800377;;
CHOCÓ;27;QUIBDÓ;27001;-76,40570274;5,884040837;;
QUINDÍO;63;QUIMBAYA;63594;-75,79202492;4,609884089;;
RISARALDA;66;QUINCHÍA;66594;-75,71373676;5,323898879;;
BOYACÁ;15;QUÍPAMA;15580;-74,26855311;5,595329047;;
CUNDINAMARCA;25;QUIPILE;25596;-74,55430966;4,714907118;;
NORTE DE SANTANDER;54;RAGONVALIA;54599;-72,50751958;7,595645236;;
BOYACÁ;15;RAMIRIQUÍ;15599;-73,31090865;5,319945875;Oleoducto;OCENSA (Oleoducto Central)
BOYACÁ;15;RAMIRIQUÍ;15599;-73,31090865;5,319945875;Poliducto;Poliandino
BOYACÁ;15;RÁQUIRA;15600;-73,62796982;5,496592881;Poliducto;Polioriente
CASANARE;85;RECETOR;85279;-72,77078116;5,263020082;;
BOLÍVAR;13;REGIDOR;13580;-73,84949993;8,72281506;;
ANTIOQUIA;5;REMEDIOS;5604;-74,55848924;6,998218289;Oleoducto;OCENSA (Oleoducto Central)
ANTIOQUIA;5;REMEDIOS;5604;-74,55848924;6,998218289;Oleoducto;ODC (Oleoducto de Colombia)
MAGDALENA;47;REMOLINO;47605;-74,580747;10,64872748;;
ATLÁNTICO;8;REPELÓN;8606;-75,12079603;10,50786769;Línea Fluvial;Línea de Transporte Fluvial Calamar - Pasacaballos
META;50;RESTREPO;50606;-73,50251785;4,210251625;Oleoducto;Oleoducto el Porvenir
META;50;RESTREPO;50606;-73,50251785;4,210251625;Poliducto;Poliandino
VALLE DEL CAUCA;76;RESTREPO;76606;-76,53528318;3,805983947;;
ANTIOQUIA;5;RETIRO;5607;-75,51357191;6,069408884;;
NARIÑO;52;RICAURTE;52612;-78,05792112;1,147693698;Oleoducto;OTA (Trasandino)
CUNDINAMARCA;25;RICAURTE;25612;-74,72946077;4,307595222;;
CESAR;20;RIO DE ORO;20614;-73,48748686;8,201215618;Oleoducto;Ayacucho - Galán
CESAR;20;RIO DE ORO;20614;-73,48748686;8,201215618;Oleoducto;Galán - Ayacucho
CESAR;20;RIO DE ORO;20614;-73,48748686;8,201215618;Poliducto;Pozos Colorados - Ayacucho - Galán
CHOCÓ;27;RIO IRÓ;27580;-76,42003136;5,190921457;;
CHOCÓ;27;SANTA RITA;27580;-76,42003136;5,190921457;;
CHOCÓ;27;RIO QUITO;27600;-76,81082598;5,56661007;;
TOLIMA;73;RIOBLANCO;73616;-75,85470216;3,467899062;;
VALLE DEL CAUCA;76;RIOFRÍO;76616;-76,370847;4,109676285;;
LA GUAJIRA;44;RIOHACHA;44001;-72,95867586;11,24299281;;
SANTANDER;68;RIONEGRO;68615;-73,37519372;7,477330495;Oleoducto;Ayacucho - Galán
SANTANDER;68;RIONEGRO;68615;-73,37519372;7,477330495;Oleoducto;Galán - Ayacucho
SANTANDER;68;RIONEGRO;68615;-73,37519372;7,477330495;Poliducto;Pozos Colorados - Ayacucho - Galán
ANTIOQUIA;5;RIONEGRO;5615;-75,41021078;6,151290359;;
CALDAS;17;RIOSUCIO;17614;-75,75215313;5,442716587;Poliducto;Medellín - Cartago
CHOCÓ;27;RIOSUCIO;27615;-77,25179334;7,389005088;;
BOLÍVAR;13;RIOVIEJO;13600;-73,90222722;8,560818964;;
CALDAS;17;RISARALDA;17616;-75,733984;5,098295129;;
HUILA;41;RIVERA;41615;-75,20757487;2,77846094;;
NARIÑO;52;ROBERTO PAYÁN;52621;-78,38122587;1,897870824;;
VALLE DEL CAUCA;76;ROLDANILLO;76622;-76,16852783;4,443321757;;
TOLIMA;73;RONCESVALLES;73622;-75,59483635;4,097434932;;
BOYACÁ;15;RONDÓN;15621;-73,19652709;5,379947859;;
CAUCA;19;ROSAS;19622;-76,74577801;2,261312858;;
TOLIMA;73;ROVIRA;73624;-75,34739729;4,216688628;;
SANTANDER;68;SABANA DE TORRES;68655;-73,57137708;7,406730774;Oleoducto;Ayacucho - Galán
SANTANDER;68;SABANA DE TORRES;68655;-73,57137708;7,406730774;Oleoducto;Galán - Ayacucho
SANTANDER;68;SABANA DE TORRES;68655;-73,57137708;7,406730774;Poliducto;Pozos Colorados - Ayacucho - Galán
ATLÁNTICO;8;SABANAGRANDE;8634;-74,76880148;10,79873354;;
ATLÁNTICO;8;SABANALARGA;8638;-74,95496644;10,62251382;Poliducto;Cartagena - Baranoa
CASANARE;85;SABANALARGA;85300;-72,99508745;4,811197369;Oleoducto;OCENSA (Oleoducto Central)
CASANARE;85;SABANALARGA;85300;-72,99508745;4,811197369;Oleoducto;Oleoducto el Porvenir
CASANARE;85;SABANALARGA;85300;-72,99508745;4,811197369;Poliducto;Poliandino
ANTIOQUIA;5;SABANALARGA;5628;-75,79195271;6,901578337;;
MAGDALENA;47;SABANAS DE SAN ANGEL;47660;-74,26425483;10,10530072;;
ANTIOQUIA;5;SABANETA;5631;-75,60854982;6,138000292;;
BOYACÁ;15;SABOYÁ;15632;-73,74820119;5,699304113;;
CASANARE;85;SÁCAMA;85315;-72,21036052;6,050289825;;
BOYACÁ;15;SÁCHICA;15638;-73,54306084;5,573840247;Oleoducto;OCENSA (Oleoducto Central)
BOYACÁ;15;SÁCHICA;15638;-73,54306084;5,573840247;Poliducto;Poliandino
CÓRDOBA;23;SAHAGÚN;23660;-75,42939316;8,798275875;Oleoducto;OCENSA (Oleoducto Central)
CÓRDOBA;23;SAHAGÚN;23660;-75,42939316;8,798275875;Oleoducto;ODC (Oleoducto de Colombia)
HUILA;41;SALADOBLANCO;41660;-76,22861945;2,100223983;;
CALDAS;17;SALAMINA;17653;-75,40912788;5,370319927;;
MAGDALENA;47;SALAMINA;47675;-74,72351403;10,51491193;;
NORTE DE SANTANDER;54;SALAZAR;54660;-72,86777055;7,773242355;;
TOLIMA;73;SALDAÑA;73671;-75,02116021;3,911133491;Oleoducto;OAM (Oleoducto Alto Magdalena)
TOLIMA;73;SALDAÑA;73671;-75,02116021;3,911133491;Poliducto;Salgar - Neiva
QUINDÍO;63;SALENTO;63690;-75,53067395;4,611298665;;
ANTIOQUIA;5;SALGAR;5642;-75,98127584;5,97019306;;
BOYACÁ;15;SAMACÁ;15646;-73,52213344;5,469447091;Oleoducto;OCENSA (Oleoducto Central)
BOYACÁ;15;SAMACÁ;15646;-73,52213344;5,469447091;Poliducto;Poliandino
CALDAS;17;SAMANÁ;17662;-74,99694912;5,520033551;;
NARIÑO;52;SAMANIEGO;52678;-77,69150547;1,430402229;;
SUCRE;70;SAMPUÉS;70670;-75,35577836;9,165471695;;
HUILA;41;SAN AGUSTÍN;41668;-76,41667969;1,924107189;;
CESAR;20;SAN ALBERTO;20710;-73,47223405;7,769553271;Oleoducto;Ayacucho - Galán
CESAR;20;SAN ALBERTO;20710;-73,47223405;7,769553271;Oleoducto;Galán - Ayacucho
CESAR;20;SAN ALBERTO;20710;-73,47223405;7,769553271;Poliducto;Pozos Colorados - Ayacucho - Galán
SANTANDER;68;SAN ANDRÉS;68669;-72,81591429;6,796671717;;
ANTIOQUIA;5;SAN ANDRÉS;5647;-75,6655563;6,918284453;;
SAN ANDRÉS PROVIDENCIA Y SANTA CATALINA;88;SAN ANDRÉS;88001;-81,71750245;12,54304234;;
CÓRDOBA;23;SAN ANDRÉS DE SOTAVENTO;23670;-75,5163919;9,124385305;Oleoducto;OCENSA (Oleoducto Central)
CÓRDOBA;23;SAN ANDRÉS DE SOTAVENTO;23670;-75,5163919;9,124385305;Oleoducto;ODC (Oleoducto de Colombia)
SAN ANDRÉS PROVIDENCIA Y SANTA CATALINA;88;SAN ANDRES Y PROVIDENCIA;88564;-81,37393752;13,35113479;;
CÓRDOBA;23;SAN ANTERO;23672;-75,78624893;9,359757917;Oleoducto;OCENSA (Oleoducto Central)
TOLIMA;73;SAN ANTONIO;73675;-75,50971017;3,926297554;;
CUNDINAMARCA;25;SAN ANTONIO DE TEQUENDAMA;25645;-74,34508461;4,599398982;;
SANTANDER;68;SAN BENITO;68673;-73,55200814;6,075794682;;
SUCRE;70;SAN BENITO ABAD;70678;-74,96916863;8,824902918;;
NARIÑO;52;SAN BERNARDO;52685;-77,0207592;1,529867468;;
CUNDINAMARCA;25;SAN BERNARDO;25649;-74,35360243;4,140567856;;
CÓRDOBA;23;SAN BERNARDO DEL VIENTO;23675;-75,97492561;9,330229067;;
NORTE DE SANTANDER;54;SAN CALIXTO;54670;-73,13230177;8,481642037;;
ANTIOQUIA;5;SAN CARLOS;5649;-74,9069095;6,193548823;;
CÓRDOBA;23;SAN CARLOS;23678;-75,69249647;8,706414978;;
META;50;SAN CARLOS DE GUAROA;50680;-73,27580833;3,847387709;;
NORTE DE SANTANDER;54;SAN CAYETANO;54673;-72,60923086;7,847832794;Oleoducto;Caño Limón - Coveñas
CUNDINAMARCA;25;SAN CAYETANO;25653;-74,07229997;5,314873102;;
BOLÍVAR;13;SAN CRISTOBAL;13620;-75,07387881;10,3698558;Línea Fluvial;Línea de Transporte Fluvial Calamar - Pasacaballos
CESAR;20;SAN DIEGO;20750;-73,2877679;10,16946745;;
BOYACÁ;15;SAN EDUARDO;15660;-73,04945506;5,235622165;;
BOLÍVAR;13;SAN ESTANISLAO;13647;-75,20532623;10,36471246;Línea Fluvial;Línea de Transporte Fluvial Calamar - Pasacaballos
GUAINÍA;94;SAN FELIPE;94883;-67,52049806;2,312250875;;
BOLÍVAR;13;SAN FERNANDO;13650;-74,37148305;9,080806399;;
CUNDINAMARCA;25;SAN FRANCISCO;25658;-74,27198055;4,964226567;;
ANTIOQUIA;5;SAN FRANCISCO;5652;-74,98177315;5,840033603;;
PUTUMAYO;86;SAN FRANCISCO;86755;-76,84727226;1,136364019;;
SANTANDER;68;SAN GIL;68679;-73,11855995;6,550877356;;
BOLÍVAR;13;SAN JACINTO;13654;-75,10551326;9,835246413;;
BOLÍVAR;13;SAN JACINTO DEL CAUCA;13655;-74,75087571;8,212370965;;
ANTIOQUIA;5;SAN JERÓNIMO;5656;-75,70455874;6,438647398;;
SANTANDER;68;SAN JOAQUÍN;68682;-72,85474149;6,460037977;;
CALDAS;17;SAN JOSÉ;17665;-75,81036954;5,083336516;;
NARIÑO;52;SAN JOSÉ;52621;-78,38122587;1,897870824;;
ANTIOQUIA;5;SAN JOSÉ DE LA MONTAÑA;5658;-75,67878802;6,823666539;;
SANTANDER;68;SAN JOSÉ DE MIRANDA;68684;-72,73964439;6,628664626;;
BOYACÁ;15;SAN JOSÉ DE PARE;15664;-73,54362309;5,994401296;;
CÓRDOBA;23;SAN JOSE DE URE;23682;-75,5658741;7,753093264;;
CAQUETÁ;18;SAN JOSÉ DEL FRAGUA;18610;-76,11370864;1,313145336;;
GUAVIARE;95;SAN JOSÉ DEL GUAVIARE;95001;-71,91961007;2,484235653;;
CHOCÓ;27;SAN JOSÉ DEL PALMAR;27660;-76,28008991;4,958786652;;
META;50;SAN JUAN DE ARAMA;50683;-73,8161601;3,29123773;;
SUCRE;70;SAN JUAN DE BETULIA;70702;-75,21387503;9,291226549;Oleoducto;Ayacucho - Coveñas
SUCRE;70;SAN JUAN DE BETULIA;70702;-75,21387503;9,291226549;Oleoducto;Caño Limón - Coveñas
CUNDINAMARCA;25;SAN JUAN DE RIOSECO;25662;-74,6152755;4,814057207;;
ANTIOQUIA;5;SAN JUAN DE URABÁ;5659;-76,53251291;8,707122909;;
LA GUAJIRA;44;SAN JUAN DEL CESAR;44650;-73,08640506;10,81312;;
BOLÍVAR;13;SAN JUAN NEPOMUCENO;13657;-75,0653968;9,967726222;;
META;50;SAN JUANITO;50686;-73,66097389;4,471239932;;
NARIÑO;52;SAN LORENZO;52687;-77,21855598;1,541985769;;
TOLIMA;73;SAN LUIS;73678;-75,16275456;4,056423798;Oleoducto;Toldado - Gualanday
TOLIMA;73;SAN LUIS;73678;-75,16275456;4,056423798;Oleoducto;OAM (Oleoducto Alto Magdalena)
TOLIMA;73;SAN LUIS;73678;-75,16275456;4,056423798;Poliducto;Salgar - Neiva
ANTIOQUIA;5;SAN LUIS;5660;-75,0065471;6,02357437;;
BOYACÁ;15;SAN LUIS DE GACENO;15667;-73,13341929;4,798358122;Oleoducto;OCENSA (Oleoducto Central)
BOYACÁ;15;SAN LUIS DE GACENO;15667;-73,13341929;4,798358122;Poliducto;Poliandino
CASANARE;85;SAN LUIS DE PALENQUE;85325;-71,8175208;5,274343468;;
SUCRE;70;SAN MARCOS;70708;-75,18299356;8,581298835;;
CESAR;20;SAN MARTÍN;20770;-73,54445363;7,937954476;Oleoducto;Ayacucho - Galán
CESAR;20;SAN MARTÍN;20770;-73,54445363;7,937954476;Oleoducto;Galán - Ayacucho
CESAR;20;SAN MARTÍN;20770;-73,54445363;7,937954476;Poliducto;Pozos Colorados - Ayacucho - Galán
META;50;SAN MARTÍN;50689;-72,65631094;3,515566245;;
BOLÍVAR;13;SAN MARTIN DE LOBA;13667;-74,0060511;8,809856432;;
BOYACÁ;15;SAN MATEO;15673;-72,55264869;6,395966087;;
PUTUMAYO;86;SAN MIGUEL;86757;-76,84521105;0,271739983;Oleoducto;OSO (San Miguel - Orito)
SANTANDER;68;SAN MIGUEL;68686;-72,64314361;6,568000002;;
BOYACÁ;15;SAN MIGUEL DE SEMA;15676;-73,74685303;5,531713363;;
SUCRE;70;SAN ONOFRE;70713;-75,5048804;9,814179779;Línea Fluvial;Línea de Transporte Fluvial Calamar - Pasacaballos
SUCRE;70;SAN ONOFRE;70713;-75,5048804;9,814179779;Oleoducto;Coveñas - Cartagena
BOLÍVAR;13;SAN PABLO;13670;-74,10329315;7,509536421;;
NARIÑO;52;SAN PABLO;52693;-76,97516539;1,68172994;;
BOYACÁ;15;SAN PABLO DE BORBUR;15681;-74,11394865;5,677151015;;
SUCRE;70;SAN PEDRO;70717;-75,03685613;9,39727893;Oleoducto;Caño Limón - Coveñas
VALLE DEL CAUCA;76;SAN PEDRO;76670;-76,20694064;3,981704437;Poliducto;Cartago - Yumbo
VALLE DEL CAUCA;76;SAN PEDRO;76670;-76,20694064;3,981704437;Poliducto;ODECA (Oleoducto de Caldas)
ANTIOQUIA;5;SAN PEDRO;5664;-75,56265434;6,458601573;;
NARIÑO;52;SAN PEDRO DE CARTAGO;52694;-77,10153048;1,536887842;;
NARIÑO;52;CARTAGO;52694;-77,10153048;1,536887842;;
ANTIOQUIA;5;SAN PEDRO DE URABÁ;5665;-76,31872176;8,372599246;;
CÓRDOBA;23;SAN PELAYO;23686;-75,9080729;8,987607211;;
ANTIOQUIA;5;SAN RAFAEL;5667;-74,9977712;6,310336257;;
ANTIOQUIA;5;SAN ROQUE;5670;-74,94434123;6,466452762;Poliducto;Sebastopol - Medellín
CAUCA;19;SAN SEBASTIÁN;19693;-76,71658805;1,856310689;;
MAGDALENA;47;SAN SEBASTIÁN DE BUENAVISTA;47692;-74,197957;9,380864227;Oleoducto;Ayacucho - Coveñas
MAGDALENA;47;SAN SEBASTIÁN DE BUENAVISTA;47692;-74,197957;9,380864227;Oleoducto;Caño Limón - Coveñas
ANTIOQUIA;5;SAN VICENTE;5674;-75,32425087;6,311658448;;
SANTANDER;68;SAN VICENTE DE CHUCURÍ;68689;-73,53783094;6,891040335;Poliducto;Galán - Chimita
CAQUETÁ;18;SAN VICENTE DEL CAGUÁN;18753;-74,19699777;1,308106645;;
MAGDALENA;47;SAN ZENÓN;47703;-74,35914715;9,306719829;Oleoducto;Ayacucho - Coveñas
MAGDALENA;47;SAN ZENÓN;47703;-74,35914715;9,306719829;Oleoducto;Caño Limón - Coveñas
NARIÑO;52;SANDONÁ;52683;-77,45659661;1,288284367;;
MAGDALENA;47;SANTA ANA;47707;-74,44491036;9,503164683;Oleoducto;Caño Limón - Coveñas
ANTIOQUIA;5;SANTA BÁRBARA;5679;-75,58502572;5,885937974;;
SANTANDER;68;SANTA BÁRBARA;68705;-72,8963616;6,988052633;;
NARIÑO;52;SANTA BÁRBARA;52696;-77,70860627;2,069221751;;
NARIÑO;52;ISCUANDÉ;52696;-77,70860627;2,069221751;;
MAGDALENA;47;SANTA BÁRBARA DE PINTO;47720;-74,66614655;9,485304034;Oleoducto;Caño Limón - Coveñas
BOLÍVAR;13;SANTA CATALINA;13673;-75,26603805;10,64577936;Poliducto;Cartagena - Baranoa
NARIÑO;52;SANTA CRUZ;52699;-77,74462234;1,285364347;;
NARIÑO;52;GUACHAVÉS;52699;-77,74462234;1,285364347;;
ANTIOQUIA;5;SANTA FE DE ANTIOQUIA;5042;-75,89908653;6,529667459;;
SANTANDER;68;SANTA HELENA DEL OPÓN;68720;-73,58152001;6,40878849;;
TOLIMA;73;SANTA ISABEL;73686;-75,10663301;4,701172521;;
ATLÁNTICO;8;SANTA LUCÍA;8675;-74,96532175;10,35369334;Línea Fluvial;Línea de Transporte Fluvial Calamar - Pasacaballos
BOYACÁ;15;SANTA MARÍA;15690;-73,25379083;4,822999914;;
HUILA;41;SANTA MARÍA;41676;-75,63331649;2,926343076;;
MAGDALENA;47;SANTA MARTA;47001;-73,88508945;11,12205563;Línea Submarina;Linea Submarina Pozos Colorados
MAGDALENA;47;SANTA MARTA;47001;-73,88508945;11,12205563;Poliducto;Pozos Colorados - Ayacucho - Galán
MAGDALENA;47;SANTA MARTA;47001;-73,88508945;11,12205563;Estación;TERMINAL POZOS COLORADOS
BOLÍVAR;13;SANTA ROSA;13683;-75,36123929;10,46918493;Poliducto;Cartagena - Baranoa
CAUCA;19;SANTA ROSA;19701;-76,53878539;1,520111431;;
RISARALDA;66;SANTA ROSA DE CABAL;66682;-75,54940567;4,833523742;Poliducto;ODECA (Oleoducto de Caldas)
ANTIOQUIA;5;SANTA ROSA DE OSOS;5686;-75,43837434;6,674211574;;
BOYACÁ;15;SANTA ROSA DE VITERBO;15693;-72,99215624;5,894139177;;
BOLÍVAR;13;SANTA ROSA DEL SUR;13688;-74,26271041;7,772700145;;
VICHADA;99;SANTA ROSALÍA;99624;-70,6511394;4,980220174;;
BOYACÁ;15;SANTA SOFÍA;15696;-73,60322485;5,731466257;Oleoducto;OCENSA (Oleoducto Central)
BOYACÁ;15;SANTA SOFÍA;15696;-73,60322485;5,731466257;Poliducto;Polioriente
BOYACÁ;15;SANTANA;15686;-73,48645314;6,05822684;;
AMAZONAS;91;SANTANDER;91669;-71,93893813;-1,101027685;;
AMAZONAS;91;ARARACUARA;91669;-71,93893813;-1,101027685;;
CAUCA;19;SANTANDER DE QUILICHAO;19698;-76,49875809;2,98450738;;
PUTUMAYO;86;SANTIAGO;86760;-76,97552788;1,035995437;;
NORTE DE SANTANDER;54;SANTIAGO;54680;-72,71794313;7,889548567;;
ANTIOQUIA;5;SANTO DOMINGO;5690;-75,14251896;6,481224071;Poliducto;Sebastopol - Medellín
ATLÁNTICO;8;SANTO TOMÁS;8685;-74,78721809;10,75506899;;
ANTIOQUIA;5;SANTUARIO;5697;-75,25155458;6,127832251;;
RISARALDA;66;SANTUARIO;66687;-76,03412199;5,077774168;;
NARIÑO;52;SAPUYES;52720;-77,71810046;1,045447953;Oleoducto;OTA (Trasandino)
ARAUCA;81;SARAVENA;81736;-71,85046018;6,906795764;Oleoducto;Caño Limón - Coveñas
ARAUCA;81;SARAVENA;81736;-71,85046018;6,906795764;Oleoducto;OBC (Oleoducto Bicentenario de Colombia)
ARAUCA;81;SARAVENA;81736;-71,85046018;6,906795764;Estación;BANADÍA
NORTE DE SANTANDER;54;SARDINATA;54720;-72,80709022;8,265762167;Poliducto;Ayacucho - Tibú - Río Zulia
NORTE DE SANTANDER;54;SARDINATA;54720;-72,80709022;8,265762167;Oleoducto;Caño Limón - Coveñas
CUNDINAMARCA;25;SASAIMA;25718;-74,41213009;4,946741919;Poliducto;Salgar - Mansilla
CUNDINAMARCA;25;SASAIMA;25718;-74,41213009;4,946741919;Propanoducto;Salgar - Vista Hermosa
BOYACÁ;15;SATIVANORTE;15720;-72,73032499;6,131981657;;
BOYACÁ;15;SATIVASUR;15723;-72,72425576;6,082629289;;
ANTIOQUIA;5;SEGOVIA;5736;-74,6223775;7,26749623;Oleoducto;OCENSA (Oleoducto Central)
ANTIOQUIA;5;SEGOVIA;5736;-74,6223775;7,26749623;Oleoducto;ODC (Oleoducto de Colombia)
CUNDINAMARCA;25;SESQUILÉ;25736;-73,77469659;4,999929706;;
VALLE DEL CAUCA;76;SEVILLA;76736;-75,88802558;4,1925764;;
BOYACÁ;15;SIACHOQUE;15740;-73,21643886;5,498675583;;
CUNDINAMARCA;25;SIBATÉ;25740;-74,26334191;4,46598298;;
PUTUMAYO;86;SIBUNDOY;86749;-76,91312925;1,228481644;;
NORTE DE SANTANDER;54;SILOS;54743;-72,78629268;7,181097559;;
CUNDINAMARCA;25;SILVANIA;25743;-74,3702757;4,43699478;;
CAUCA;19;SILVIA;19743;-76,35047309;2,651423541;;
SANTANDER;68;SIMACOTA;68745;-73,45914355;6,494520596;Oleoducto;Vasconia - CIB
SANTANDER;68;SIMACOTA;68745;-73,45914355;6,494520596;Poliducto;Galán - Salgar
CUNDINAMARCA;25;SIMIJACA;25745;-73,84525112;5,508399855;;
BOLÍVAR;13;SIMITÍ;13744;-73,98364904;7,851391755;;
SUCRE;70;SINCÉ;70742;-75,08670129;9,255871455;Oleoducto;Ayacucho - Coveñas
SUCRE;70;SINCÉ;70742;-75,08670129;9,255871455;Oleoducto;Caño Limón - Coveñas
SUCRE;70;SINCELEJO;70001;-75,43005283;9,312803368;Oleoducto;Ayacucho - Coveñas
SUCRE;70;SINCELEJO;70001;-75,43005283;9,312803368;Oleoducto;Caño Limón - Coveñas
CHOCÓ;27;SIPÍ;27745;-76,54042064;4,594128511;;
MAGDALENA;47;SITIONUEVO;47745;-74,62950092;10,89064692;;
CUNDINAMARCA;25;SOACHA;25754;-74,24028724;4,582054492;;
BOYACÁ;15;SOATÁ;15753;-72,69613273;6,323056987;;
BOYACÁ;15;SOCHA;15757;-72,68236834;5,960543719;;
SANTANDER;68;SOCORRO;68755;-73,2442771;6,462613091;;
BOYACÁ;15;SOCOTÁ;15755;-72,56032551;5,934151055;;
BOYACÁ;15;SOGAMOSO;15759;-72,87048168;5,647155229;;
CAQUETÁ;18;SOLANO;18756;-72,31946288;0,095393962;;
ATLÁNTICO;8;SOLEDAD;8758;-74,77858071;10,90707005;;
CAQUETÁ;18;SOLITA;18785;-75,66734655;0,932804982;;
BOYACÁ;15;SOMONDOCO;15761;-73,42842781;4,97146134;;
ANTIOQUIA;5;SONSÓN;5756;-75,22827387;5,700781092;;
ANTIOQUIA;5;SOPETRÁN;5761;-75,74595464;6,521930737;;
BOLÍVAR;13;SOPLAVIENTO;13760;-75,11641462;10,33208657;Línea Fluvial;Línea de Transporte Fluvial Calamar - Pasacaballos
CUNDINAMARCA;25;SOPÓ;25758;-73,96603851;4,888229126;;
BOYACÁ;15;SORA;15762;-73,44378917;5,5803931;;
BOYACÁ;15;SORACÁ;15764;-73,31875912;5,49502588;;
BOYACÁ;15;SOTAQUIRÁ;15763;-73,24401185;5,762043341;;
CAUCA;19;SOTARÁ;19760;-76,61163724;2,231922933;;
SANTANDER;68;SUAITA;68770;-73,36192816;6,101616372;;
ATLÁNTICO;8;SUAN;8770;-74,90721454;10,31084225;;
TOLIMA;73;SUÁREZ;73770;-74,81857263;4,04886505;;
CAUCA;19;SUÁREZ;19780;-76,74452604;2,994928568;;
HUILA;41;SUAZA;41770;-75,80818531;1,870904091;;
CUNDINAMARCA;25;SUBACHOQUE;25769;-74,15693066;4,970022601;;
SANTANDER;68;SUCRE;68773;-73,95968831;5,983262267;;
SUCRE;70;SUCRE;70771;-74,74648053;8,819857284;;
CAUCA;19;SUCRE;19785;-76,909986;2,057831142;;
CUNDINAMARCA;25;SUESCA;25772;-73,82340663;5,12314615;Poliducto;Polioriente
CUNDINAMARCA;25;SUPATÁ;25777;-74,23155542;5,061459383;;
CALDAS;17;SUPIA;17777;-75,64103993;5,453718955;Poliducto;Medellín - Cartago
SANTANDER;68;SURATÁ;68780;-72,98790477;7,475686376;;
CUNDINAMARCA;25;SUSA;25779;-73,82290468;5,43965989;;
BOYACÁ;15;SUSACÓN;15774;-72,71582569;6,215077773;;
BOYACÁ;15;SUTAMARCHÁN;15776;-73,63150496;5,651745163;Oleoducto;OCENSA (Oleoducto Central)
BOYACÁ;15;SUTAMARCHÁN;15776;-73,63150496;5,651745163;Poliducto;Poliandino
BOYACÁ;15;SUTAMARCHÁN;15776;-73,63150496;5,651745163;Poliducto;Polioriente
BOYACÁ;15;SUTAMARCHÁN;15776;-73,63150496;5,651745163;Estación;SUTAMARCHÁN
CUNDINAMARCA;25;SUTATAUSA;25781;-73,85497033;5,242950536;;
BOYACÁ;15;SUTATENZA;15778;-73,41250023;5,027818449;;
CUNDINAMARCA;25;TABIO;25785;-74,08403044;4,951510781;;
CHOCÓ;27;TADÓ;27787;-76,33101091;5,266069533;;
BOLÍVAR;13;TALAIGUA NUEVO;13780;-74,58696562;9,269415387;Oleoducto;Ayacucho - Coveñas
CESAR;20;TAMALAMEQUE;20787;-73,76344474;8,902789254;Oleoducto;Ayacucho - Coveñas
CESAR;20;TAMALAMEQUE;20787;-73,76344474;8,902789254;Oleoducto;Caño Limón - Coveñas
CESAR;20;TAMALAMEQUE;20787;-73,76344474;8,902789254;Poliducto;Pozos Colorados - Ayacucho - Galán
CASANARE;85;TÁMARA;85400;-72,20041241;5,879011925;;
ARAUCA;81;TAME;81794;-71,79436776;6,39010192;Oleoducto;OBC (Oleoducto Bicentenario de Colombia)
ANTIOQUIA;5;TÁMESIS;5789;-75,71009528;5,674558908;;
NARIÑO;52;TAMINANGO;52786;-77,32487545;1,592060323;;
NARIÑO;52;TANGUA;52788;-77,3505844;1,063962444;;
VAUPÉS;97;TARAIRA;97666;-69,9076795;-0,719984711;;
AMAZONAS;91;TARAPACÁ;91798;-70,00651853;-2,451801581;;
ANTIOQUIA;5;TARAZÁ;5790;-75,48909264;7,485327578;;
HUILA;41;TARQUI;41791;-75,87572916;2,130317198;;
ANTIOQUIA;5;TARSO;5792;-75,828986;5,871077116;;
BOYACÁ;15;TASCO;15790;-72,72630133;5,882267219;;
CASANARE;85;TAURAMENA;85410;-72,62864777;4,696812213;Oleoducto;Araguaney - El Porvenir
CASANARE;85;TAURAMENA;85410;-72,62864777;4,696812213;Oleoducto;OCENSA (Oleoducto Central)
CASANARE;85;TAURAMENA;85410;-72,62864777;4,696812213;Oleoducto;ODL (Oleoducto de los Llanos Orientales)
CASANARE;85;TAURAMENA;85410;-72,62864777;4,696812213;Oleoducto;Santiago - Porvenir
CUNDINAMARCA;25;TAUSA;25793;-73,95843833;5,171073923;;
HUILA;41;TELLO;41799;-75,08568449;3,030835635;;
CUNDINAMARCA;25;TENA;25797;-74,36790603;4,666407276;;
MAGDALENA;47;TENERIFE;47798;-74,7335751;9,923359675;;
CUNDINAMARCA;25;TENJO;25799;-74,14658396;4,838402219;;
BOYACÁ;15;TENZA;15798;-73,42447553;5,070717744;;
NORTE DE SANTANDER;54;TEORAMA;54800;-73,15717919;8,759675222;Poliducto;Ayacucho - Tibú - Río Zulia
NORTE DE SANTANDER;54;TEORAMA;54800;-73,15717919;8,759675222;Oleoducto;Caño Limón - Coveñas
HUILA;41;TERUEL;41801;-75,75964161;2,851520834;;
HUILA;41;TESALIA;41797;-75,68316427;2,527383566;;
CUNDINAMARCA;25;TIBACUY;25805;-74,48657896;4,321577444;;
BOYACÁ;15;TIBANÁ;15804;-73,39308075;5,301002492;;
BOYACÁ;15;TIBASOSA;15806;-73,01118071;5,747428163;;
CUNDINAMARCA;25;TIBIRITA;25807;-73,51318464;5,083583386;;
NORTE DE SANTANDER;54;TIBÚ;54810;-72,79955958;8,713803401;Poliducto;Ayacucho - Tibú - Río Zulia
NORTE DE SANTANDER;54;TIBÚ;54810;-72,79955958;8,713803401;Oleoducto;Caño Limón - Coveñas
CÓRDOBA;23;TIERRALTA;23807;-76,16879784;7,812466898;;
HUILA;41;TIMANÁ;41807;-75,91729956;1,950967905;;
CAUCA;19;TIMBÍO;19807;-76,71064422;2,370090737;;
CAUCA;19;TIMBIQUÍ;19809;-77,49177318;2,699887155;;
BOYACÁ;15;TINJACÁ;15808;-73,67512747;5,578765478;Poliducto;Polioriente
BOYACÁ;15;TIPACOQUE;15810;-72,69436353;6,420431862;;
BOLÍVAR;13;TIQUISIO;13810;-74,29672506;8,49237037;;
ANTIOQUIA;5;TITIRIBÍ;5809;-75,79942754;6,058192217;;
BOYACÁ;15;TOCA;15814;-73,16100727;5,580488037;;
CUNDINAMARCA;25;TOCAIMA;25815;-74,6483502;4,452337638;;
CUNDINAMARCA;25;TOCANCIPÁ;25817;-73,92877048;4,968607182;Poliducto;Polioriente
CUNDINAMARCA;25;TOCANCIPÁ;25817;-73,92877048;4,968607182;Estación;TOCANCIPÁ
BOYACÁ;15;TOGÜÍ;15816;-73,48531852;5,916723647;;
NORTE DE SANTANDER;54;TOLEDO;54820;-72,30600569;7,226007276;Oleoducto;Caño Limón - Coveñas
NORTE DE SANTANDER;54;TOLEDO;54820;-72,30600569;7,226007276;Estación;SAMORÉ
NORTE DE SANTANDER;54;TOLEDO;54820;-72,30600569;7,226007276;Estación;TOLEDO
ANTIOQUIA;5;TOLEDO;5819;-75,71335838;7,016947871;;
SUCRE;70;TOLÚ;70820;-75,53497645;9,532442684;Oleoducto;Coveñas - Cartagena
SUCRE;70;TOLUVIEJO;70823;-75,44282811;9,490646398;;
SANTANDER;68;TONA;68820;-72,94001383;7,170953446;;
BOYACÁ;15;TÓPAGA;15820;-72,83656387;5,765275158;;
CUNDINAMARCA;25;TOPAIPÍ;25823;-74,28985593;5,35585662;;
CAUCA;19;TORIBÍO;19821;-76,20382385;2,976448311;;
VALLE DEL CAUCA;76;TORO;76823;-76,08153479;4,638350629;;
BOYACÁ;15;TOTA;15822;-72,9954429;5,504957297;;
CAUCA;19;TOTORÓ;19824;-76,39795399;2,476287439;;
CASANARE;85;TRINIDAD;85430;-71,25321852;5,351200239;;
VALLE DEL CAUCA;76;TRUJILLO;76828;-76,34299332;4,233296657;;
ATLÁNTICO;8;TUBARÁ;8832;-74,98430267;10,9070732;;
CÓRDOBA;23;TUCHÍN;23815;-75,54546531;9,22341446;Oleoducto;OCENSA (Oleoducto Central)
CÓRDOBA;23;TUCHÍN;23815;-75,54546531;9,22341446;Oleoducto;ODC (Oleoducto de Colombia)
VALLE DEL CAUCA;76;TULUÁ;76834;-76,03177453;4,028427913;Poliducto;Cartago - Yumbo
VALLE DEL CAUCA;76;TULUÁ;76834;-76,03177453;4,028427913;Poliducto;ODECA (Oleoducto de Caldas)
VALLE DEL CAUCA;76;TULUÁ;76834;-76,03177453;4,028427913;Poliducto;Cartago - Yumbo
VALLE DEL CAUCA;76;TULUÁ;76834;-76,03177453;4,028427913;Poliducto;ODECA (Oleoducto de Caldas)
NARIÑO;52;TUMACO;52835;-78,59822183;2,276085408;Línea Submarina;Linea Submarina Tumaco
NARIÑO;52;TUMACO;52835;-78,59822183;2,276085408;Oleoducto;OTA (Trasandino)
NARIÑO;52;TUMACO;52835;-78,61517781;1,573846627;Estación;TERMINAL TUMACO
BOYACÁ;15;TUNJA;15001;-73,37798337;5,518409912;;
BOYACÁ;15;TUNUNGUÁ;15832;-73,94318198;5,720326474;;
NARIÑO;52;TÚQUERRES;52838;-77,63083856;1,134597048;;
BOLÍVAR;13;TURBACO;13836;-75,37983649;10,35286856;Poliducto;Cartagena - Baranoa
BOLÍVAR;13;TURBANA;13838;-75,43218517;10,25350322;Línea Fluvial;Línea de Transporte Fluvial Calamar - Pasacaballos
BOLÍVAR;13;TURBANA;13838;-75,43218517;10,25350322;Oleoducto;Coveñas - Cartagena
ANTIOQUIA;5;TURBO;5837;-76,57756021;8,171022221;;
BOYACÁ;15;TURMEQUÉ;15835;-73,50905196;5,305705582;;
BOYACÁ;15;TUTA;15837;-73,17298876;5,678013362;;
BOYACÁ;15;TUTAZÁ;15839;-72,85721814;6,07789561;;
CUNDINAMARCA;25;UBALÁ;25839;-73,47685735;4,803592018;;
CUNDINAMARCA;25;UBAQUE;25841;-74,0111776;4,521297957;;
CUNDINAMARCA;25;UBATÉ;25843;-73,82003484;5,316064411;;
VALLE DEL CAUCA;76;ULLOA;76845;-75,77768905;4,707238214;;
BOYACÁ;15;ÚMBITA;15842;-73,4630786;5,217470144;;
CUNDINAMARCA;25;UNE;25845;-74,1119286;4,244461989;;
CHOCÓ;27;UNGUÍA;27800;-77,10364883;8,116378297;;
CHOCÓ;27;UNIÓN PANAMERICANA;27810;-76,62051818;5,282084239;;
ANTIOQUIA;5;URAMITA;5842;-76,1324375;6,91391648;;
META;50;URIBE;50370;-74,43066467;3,047748404;;
LA GUAJIRA;44;URIBIA;44847;-71,74879765;11,99967076;;
ANTIOQUIA;5;URRAO;5847;-76,2598671;6,335873055;;
LA GUAJIRA;44;URUMITA;44855;-72,98560108;10,49437504;;
ATLÁNTICO;8;USIACURÍ;8849;-74,98251189;10,74053136;Poliducto;Cartagena - Baranoa
CUNDINAMARCA;25;ÚTICA;25851;-74,478113;5,192398577;;
ANTIOQUIA;5;VALDIVIA;5854;-75,40093495;7,264777283;;
CÓRDOBA;23;VALENCIA;23855;-76,22086955;8,219582715;;
SANTANDER;68;VALLE DE SAN JOSÉ;68855;-73,10964531;6,435031963;;
TOLIMA;73;VALLE DE SAN JUAN;73854;-75,17141896;4,182277172;;
PUTUMAYO;86;VALLE DEL GUAMUEZ;86865;-76,77073761;0,420620618;Oleoducto;OSO (San Miguel - Orito)
CESAR;20;VALLEDUPAR;20001;-73,45772979;10,22038552;;
ANTIOQUIA;5;VALPARAISO;5856;-75,63116697;5,65190469;Poliducto;Medellín - Cartago
CAQUETÁ;18;VALPARAÍSO;18860;-75,61726638;1,088322335;;
ANTIOQUIA;5;VEGACHÍ;5858;-74,75406184;6,836930128;;
SANTANDER;68;VÉLEZ;68861;-73,69186483;6,006133933;Poliducto;Polioriente
TOLIMA;73;VENADILLO;73861;-74,92116215;4,708734064;Oleoducto;OAM (Oleoducto Alto Magdalena)
TOLIMA;73;VENADILLO;73861;-74,92116215;4,708734064;Poliducto;Salgar - Neiva
ANTIOQUIA;5;VENECIA;5861;-75,7763222;5,956516062;;
CUNDINAMARCA;25;VENECIA;25506;-74,45207647;4,063425169;;
BOYACÁ;15;VENTAQUEMADA;15861;-73,52023259;5,382823797;Oleoducto;OCENSA (Oleoducto Central)
BOYACÁ;15;VENTAQUEMADA;15861;-73,52023259;5,382823797;Poliducto;Poliandino
CUNDINAMARCA;25;VERGARA;25862;-74,30966463;5,131122756;;
VALLE DEL CAUCA;76;VERSALLES;76863;-76,28177041;4,639122543;;
SANTANDER;68;VETAS;68867;-72,88172787;7,322542944;;
CUNDINAMARCA;25;VIANÍ;25867;-74,54965682;4,914083597;;
CALDAS;17;VICTORIA;17867;-74,83623881;5,447725925;Poliducto;ODECA (Oleoducto de Caldas)
CALDAS;17;VICTORIA;17867;-74,83623881;5,447725925;Oleoducto;OAM (Oleoducto Alto Magdalena)
CALDAS;17;VICTORIA;17867;-74,83623881;5,447725925;Poliducto;Salgar - Neiva
ANTIOQUIA;5;VIGIA DEL FUERTE;5873;-76,69536624;6,453376071;;
VALLE DEL CAUCA;76;VIJES;76869;-76,47101786;3,743733776;Poliducto;Cartago - Yumbo
VALLE DEL CAUCA;76;VIJES;76869;-76,47101786;3,743733776;Poliducto;ODECA (Oleoducto de Caldas)
NORTE DE SANTANDER;54;VILLA CARO;54871;-72,98234696;7,919553153;;
BOYACÁ;15;VILLA DE LEIVA;15407;-73,51448409;5,665693865;Oleoducto;OCENSA (Oleoducto Central)
BOYACÁ;15;VILLA DE LEIVA;15407;-73,51448409;5,665693865;Poliducto;Poliandino
BOYACÁ;15;VILLA DE LEIVA;15407;-73,51448409;5,665693865;Poliducto;Polioriente
NORTE DE SANTANDER;54;VILLA DEL ROSARIO;54874;-72,48336105;7,717272065;;
CAUCA;19;VILLA RICA;19845;-76,46449683;3,180284451;;
PUTUMAYO;86;VILLAGARZÓN;86885;-76,74457098;0,911092273;;
CUNDINAMARCA;25;VILLAGÓMEZ;25871;-74,18475964;5,25884927;;
TOLIMA;73;VILLAHERMOSA;73870;-75,15602726;4,965408662;;
CALDAS;17;VILLAMARIA;17873;-75,43554802;4,940439097;Poliducto;ODECA (Oleoducto de Caldas)
SANTANDER;68;VILLANUEVA;68872;-73,16382648;6,685816087;;
CASANARE;85;VILLANUEVA;85440;-72,82202591;4,527698804;;
BOLÍVAR;13;VILLANUEVA;13873;-75,26342526;10,44497713;;
LA GUAJIRA;44;VILLANUEVA;44874;-72,97530096;10,58358564;;
CUNDINAMARCA;25;VILLAPINZÓN;25873;-73,5770138;5,227015007;;
TOLIMA;73;VILLARRICA;73873;-74,61865686;3,854489719;;
META;50;VILLAVICENCIO;50001;-73,48748107;4,091494286;Naftaducto;Chichimene - Apiay
META;50;VILLAVICENCIO;50001;-73,48748107;4,091494286;Oleoducto;Castilla - Apiay
META;50;VILLAVICENCIO;50001;-73,48748107;4,091494286;Oleoducto;Oleoducto el Porvenir
META;50;VILLAVICENCIO;50001;-73,48748107;4,091494286;Poliducto;Poliandino
META;50;VILLAVICENCIO;50001;-73,48748107;4,091494286;Estación;APIAY
HUILA;41;VILLAVIEJA;41872;-75,13818653;3,287177742;;
CUNDINAMARCA;25;VILLETA;25875;-74,48803128;5,011604142;Poliducto;Salgar - Mansilla
CUNDINAMARCA;25;VILLETA;25875;-74,48803128;5,011604142;Propanoducto;Salgar - Vista Hermosa
CUNDINAMARCA;25;VILLETA;25875;-74,48803128;5,011604142;Poliducto;Salgar - Mansilla
CUNDINAMARCA;25;VILLETA;25875;-74,48803128;5,011604142;Propanoducto;Salgar - Vista Hermosa
CUNDINAMARCA;25;VILLETA;25875;-74,48803128;5,011604142;Estación;VILLETA
CUNDINAMARCA;25;VIOTÁ;25878;-74,48616342;4,436201433;;
BOYACÁ;15;VIRACACHÁ;15879;-73,26627609;5,440593042;;
META;50;VISTAHERMOSA;50711;-73,66595695;2,812554347;;
CALDAS;17;VITERBO;17877;-75,87954157;5,047953234;;
CUNDINAMARCA;25;YACOPÍ;25885;-74,3647788;5,5915112;;
NARIÑO;52;YACUANQUER;52885;-77,42457944;1,125617082;;
HUILA;41;YAGUARÁ;41885;-75,51596964;2,646164622;Oleoducto;Yaguará - Tenay
HUILA;41;YAGUARÁ;41885;-75,51596964;2,646164622;Estación;YAGUARÁ
ANTIOQUIA;5;YALÍ;5885;-74,75590475;6,71704789;;
ANTIOQUIA;5;YARUMAL;5887;-75,47996213;6,935085525;;
VAUPÉS;97;YAVARATÉ;97889;-69,61957907;0,833777516;;
ANTIOQUIA;5;YOLOMBÓ;5890;-75,03003925;6,645434348;Poliducto;Sebastopol - Medellín
ANTIOQUIA;5;YONDÓ;5893;-74,15845111;6,925021066;Oleoducto;OCENSA (Oleoducto Central)
ANTIOQUIA;5;YONDÓ;5893;-74,15845111;6,925021066;Oleoducto;ODC (Oleoducto de Colombia)
CASANARE;85;YOPAL;85001;-72,25802754;5,24198559;Poliducto;Floreña
CASANARE;85;YOPAL;85001;-72,25802754;5,24198559;Oleoducto;Araguaney - El Porvenir
CASANARE;85;YOPAL;85001;-72,25802754;5,24198559;Oleoducto;OBC (Oleoducto Bicentenario de Colombia)
CASANARE;85;YOPAL;85001;-72,25802754;5,24198559;Estación;ARAGUANEY
VALLE DEL CAUCA;76;YOTOCO;76890;-76,39083091;3,904568781;Poliducto;Cartago - Yumbo
VALLE DEL CAUCA;76;YOTOCO;76890;-76,39083091;3,904568781;Poliducto;ODECA (Oleoducto de Caldas)
VALLE DEL CAUCA;76;YUMBO;76892;-76,51081013;3,596065979;Poliducto;Buenaventura - Yumbo
VALLE DEL CAUCA;76;YUMBO;76892;-76,51081013;3,596065979;Poliducto;Cartago - Yumbo
VALLE DEL CAUCA;76;YUMBO;76892;-76,51081013;3,596065979;Poliducto;ODECA (Oleoducto de Caldas)
VALLE DEL CAUCA;76;YUMBO;76892;-76,51081013;3,596065979;Estación;YUMBO
BOLÍVAR;13;ZAMBRANO;13894;-74,87938554;9,744206926;;
SANTANDER;68;ZAPATOCA;68895;-73,30697675;6,813239246;;
MAGDALENA;47;ZAPAYÁN;47960;-74,6912072;10,11758355;;
ANTIOQUIA;5;ZARAGOZA;5895;-74,85801809;7,475149405;Oleoducto;OCENSA (Oleoducto Central)
ANTIOQUIA;5;ZARAGOZA;5895;-74,85801809;7,475149405;Oleoducto;ODC (Oleoducto de Colombia)
VALLE DEL CAUCA;76;ZARZAL;76895;-76,05078073;4,353634037;Poliducto;Cartago - Yumbo
VALLE DEL CAUCA;76;ZARZAL;76895;-76,05078073;4,353634037;Poliducto;ODECA (Oleoducto de Caldas)
VALLE DEL CAUCA;76;ZARZAL;76895;-76,05078073;4,353634037;Poliducto;Cartago - Yumbo
VALLE DEL CAUCA;76;ZARZAL;76895;-76,05078073;4,353634037;Poliducto;ODECA (Oleoducto de Caldas)
BOYACÁ;15;ZETAQUIRÁ;15897;-73,16753391;5,285750713;Oleoducto;OCENSA (Oleoducto Central)
BOYACÁ;15;ZETAQUIRÁ;15897;-73,16753391;5,285750713;Poliducto;Poliandino
CUNDINAMARCA;25;ZIPACÓN;25898;-74,3870837;4,754451017;;
CUNDINAMARCA;25;ZIPAQUIRÁ;25899;-74,04920549;5,066473613;;
MAGDALENA;47;ZONA BANANERA;47980;-74,17801288;10,79628116;Poliducto;Pozos Colorados - Ayacucho - Galán
